experiment,frame_id,axis,perturbation,frame_offset,projected_valid_count,avg_reprojection_shift_px,median_reprojection_shift_px,p95_reprojection_shift_px,box_center_displacement_bev_m,changed_association_count,current_detection_count,shifted_detection_count,note
yaw,000000,yaw,-3.0,,1072,45.28357928409678,42.63506365860791,60.31689982350485,,,,,
yaw,000000,yaw,-2.5,,1069,37.81990779075888,35.54994583266784,50.60772937841506,,,,,
yaw,000000,yaw,-2.0,,1063,30.288317563941774,28.469104968160348,40.54248589774952,,,,,
yaw,000000,yaw,-1.5,,1067,22.793971146103782,21.387739498805637,30.637715206223344,,,,,
yaw,000000,yaw,-1.0,,1067,15.234237341348372,14.300110054809355,20.55390255296103,,,,,
yaw,000000,yaw,-0.75,,1069,11.439112279169528,10.746791247694084,15.456834128562406,,,,,
yaw,000000,yaw,-0.5,,1070,7.641907758438396,7.17340657661269,10.356952323314683,,,,,
yaw,000000,yaw,-0.25,,1073,3.8255781695629723,3.588951630905001,5.2166453023144745,,,,,
yaw,000000,yaw,0.0,,1075,0.0,0.0,0.0,,,,,
yaw,000000,yaw,0.25,,1071,3.822137510357944,3.5866930711003033,5.185408969571767,,,,,
yaw,000000,yaw,0.5,,1068,7.6293491993027525,7.171259927017272,10.291290221359006,,,,,
yaw,000000,yaw,0.75,,1067,11.434470253603715,10.741335238971171,15.348550411731749,,,,,
yaw,000000,yaw,1.0,,1062,15.20972012701623,14.298788532287816,20.324097934533146,,,,,
yaw,000000,yaw,1.5,,1060,22.77588414542195,21.464053042177685,30.37608489564008,,,,,
yaw,000000,yaw,2.0,,1060,30.282785968985625,28.58269755269704,40.304000624101484,,,,,
yaw,000000,yaw,2.5,,1069,37.79556604281412,35.686386298161864,50.232653377183254,,,,,
yaw,000000,yaw,3.0,,1071,45.293790043222344,42.778842870521245,60.29445562601208,,,,,
translation,000000,x,-0.2,,1067,13.538150191907622,12.073584073890068,23.06474517234389,,,,,
translation,000000,x,-0.1,,1069,6.76232145708626,6.033823988680199,11.522869695651048,,,,,
translation,000000,x,0.0,,1075,0.0,0.0,0.0,,,,,
translation,000000,x,0.1,,1073,6.753644167948517,6.034051197231198,11.511787410847738,,,,,
translation,000000,x,0.2,,1068,13.45604434646524,12.062815590658644,22.849425084149434,,,,,
translation,000000,y,-0.2,,1166,13.527869937536554,12.117281401415044,23.040134087521533,,,,,
translation,000000,y,-0.1,,1120,6.7636356437123055,6.058426690405353,11.519292303257616,,,,,
translation,000000,y,0.0,,1075,0.0,0.0,0.0,,,,,
translation,000000,y,0.1,,1037,6.568226614578095,6.028382762275779,10.991718119050697,,,,,
translation,000000,y,0.2,,1003,12.819398981275512,11.92127210128551,20.738428687441075,,,,,
translation,000000,z,-0.2,,1036,5.802394417537881,5.234419304878946,14.001856803796882,,,,,
translation,000000,z,-0.1,,1049,2.8998166346759917,2.6225469956240004,6.987678875553482,,,,,
translation,000000,z,0.0,,1075,0.0,0.0,0.0,,,,,
translation,000000,z,0.1,,1092,2.9347547035410995,2.630809354516872,7.459014754262025,,,,,
translation,000000,z,0.2,,1108,5.805212267247976,5.207065544010145,14.6814415053609,,,,,
yaw,000001,yaw,-3.0,,936,46.301942424412395,44.066916737652164,60.775220420561716,,,,,
yaw,000001,yaw,-2.5,,935,38.70814680593628,36.786094524430744,51.03287898746842,,,,,
yaw,000001,yaw,-2.0,,934,31.022944894486738,29.424543949433218,41.07400463769634,,,,,
yaw,000001,yaw,-1.5,,930,23.291154798136386,22.072620677626972,30.926583025203158,,,,,
yaw,000001,yaw,-1.0,,928,15.58156438016584,14.785907666637227,20.725709317520955,,,,,
yaw,000001,yaw,-0.75,,928,11.70205586388352,11.107364168831168,15.594513542025222,,,,,
yaw,000001,yaw,-0.5,,929,7.8114353722054,7.412635628261574,10.43106872909031,,,,,
yaw,000001,yaw,-0.25,,931,3.9160439233055278,3.705249797338145,5.258022264835334,,,,,
yaw,000001,yaw,0.0,,936,0.0,0.0,0.0,,,,,
yaw,000001,yaw,0.25,,936,3.919956933387527,3.7078457252144403,5.269184136467625,,,,,
yaw,000001,yaw,0.5,,935,7.82710075437039,7.399658775163793,10.496440585178707,,,,,
yaw,000001,yaw,0.75,,935,11.724629582843406,11.08060321747746,15.70598241548077,,,,,
yaw,000001,yaw,1.0,,935,15.617902795268282,14.754114629058387,20.88784602292697,,,,,
yaw,000001,yaw,1.5,,933,23.346209651029593,22.08032095378268,31.09356150415105,,,,,
yaw,000001,yaw,2.0,,930,31.04843897956266,29.430520561296433,41.26181144712551,,,,,
yaw,000001,yaw,2.5,,927,38.625138114631284,36.56359650519713,50.75633875912556,,,,,
yaw,000001,yaw,3.0,,930,46.26338828544578,43.81251931566736,60.63243947323438,,,,,
translation,000001,x,-0.2,,942,12.223372843112985,11.521186629768515,23.297637665175813,,,,,
translation,000001,x,-0.1,,936,6.1190986457911105,5.76364565686459,11.658697386750235,,,,,
translation,000001,x,0.0,,936,0.0,0.0,0.0,,,,,
translation,000001,x,0.1,,932,6.108273651834661,5.745192647373898,11.645628242990739,,,,,
translation,000001,x,0.2,,924,12.187967502421643,11.452580391657595,23.26229260512254,,,,,
translation,000001,y,-0.2,,1021,12.256367374667265,11.531207518747,23.28201610483787,,,,,
translation,000001,y,-0.1,,978,6.127897436408816,5.765403162817346,11.640189863133008,,,,,
translation,000001,y,0.0,,936,0.0,0.0,0.0,,,,,
translation,000001,y,0.1,,899,5.886782130500652,5.619925510604245,10.99032455400179,,,,,
translation,000001,y,0.2,,865,11.337040120469544,11.000647309845267,20.839426511189384,,,,,
translation,000001,z,-0.2,,897,5.535358493395513,4.356303238846341,13.974271629042983,,,,,
translation,000001,z,-0.1,,921,2.8334909318427277,2.227315055159072,7.2038141359243335,,,,,
translation,000001,z,0.0,,936,0.0,0.0,0.0,,,,,
translation,000001,z,0.1,,951,2.8350847133739876,2.235047633604254,7.26582941323108,,,,,
translation,000001,z,0.2,,971,5.608121493211581,4.4253822486647225,14.331522323530622,,,,,
yaw,000002,yaw,-3.0,,963,45.95724127794773,43.463784493991255,61.17780941224189,,,,,
yaw,000002,yaw,-2.5,,960,38.37332514547603,36.31003446786534,51.23197108882553,,,,,
yaw,000002,yaw,-2.0,,962,30.778798312592777,29.057144371042117,41.37109053242634,,,,,
yaw,000002,yaw,-1.5,,962,23.15026151110231,21.845992929000214,31.19709022936034,,,,,
yaw,000002,yaw,-1.0,,968,15.483690978421109,14.606318671111076,20.99029063411501,,,,,
yaw,000002,yaw,-0.75,,963,11.617442005928325,10.956272439288021,15.720115795009345,,,,,
yaw,000002,yaw,-0.5,,962,7.755784700758698,7.309570087857053,10.532591436500445,,,,,
yaw,000002,yaw,-0.25,,966,3.885159861639129,3.6508232430895506,5.286002934968708,,,,,
yaw,000002,yaw,0.0,,962,0.0,0.0,0.0,,,,,
yaw,000002,yaw,0.25,,961,3.8787247658642086,3.6431322422891474,5.262552720307802,,,,,
yaw,000002,yaw,0.5,,962,7.747272477451378,7.281802520242018,10.455030877324806,,,,,
yaw,000002,yaw,0.75,,961,11.604718253968068,10.914417712660597,15.643821893234685,,,,,
yaw,000002,yaw,1.0,,959,15.433278915517109,14.52945092603045,20.790763292439035,,,,,
yaw,000002,yaw,1.5,,960,23.11726759585993,21.817538501572567,31.15346477682289,,,,,
yaw,000002,yaw,2.0,,961,30.738256242115188,28.990350935326912,41.20747650076522,,,,,
yaw,000002,yaw,2.5,,966,38.386979997302355,36.21069794403729,51.37675748418128,,,,,
yaw,000002,yaw,3.0,,960,45.886694297428924,43.373023109927956,61.01895399501343,,,,,
translation,000002,x,-0.2,,965,16.16648581811929,17.36164102513041,26.62098172606329,,,,,
translation,000002,x,-0.1,,964,8.124273109959914,8.689637589272875,13.53966784996935,,,,,
translation,000002,x,0.0,,962,0.0,0.0,0.0,,,,,
translation,000002,x,0.1,,964,8.113088077328,8.688082692791795,13.479188437354246,,,,,
translation,000002,x,0.2,,966,16.16775518853884,17.35981971419836,26.680391551927237,,,,,
translation,000002,y,-0.2,,1045,16.329867372108037,17.467811129213693,27.297658538850335,,,,,
translation,000002,y,-0.1,,1004,8.16445301214077,8.733445105756033,13.647706202213026,,,,,
translation,000002,y,0.0,,962,0.0,0.0,0.0,,,,,
translation,000002,y,0.1,,927,8.016197849961657,8.615172248726424,13.692986446734624,,,,,
translation,000002,y,0.2,,897,15.804875140830827,16.764167248230763,27.42724253325256,,,,,
translation,000002,z,-0.2,,918,7.963131870866277,6.384964619787279,21.190139595443426,,,,,
translation,000002,z,-0.1,,937,4.017899776196692,3.2148895428437005,10.717327155087737,,,,,
translation,000002,z,0.0,,962,0.0,0.0,0.0,,,,,
translation,000002,z,0.1,,988,4.0537617083090405,3.26037492713012,10.721334184906523,,,,,
translation,000002,z,0.2,,1012,7.988986885486425,6.431874967679008,21.060218538753592,,,,,
yaw,000003,yaw,-3.0,,1032,45.548766762433566,42.92110217708097,61.166410012450065,,,,,
yaw,000003,yaw,-2.5,,1033,38.077607163514195,35.889808946286784,51.25274590365959,,,,,
yaw,000003,yaw,-2.0,,1042,30.60483541988679,28.797955803293032,41.36293345932104,,,,,
yaw,000003,yaw,-1.5,,1041,23.00366751675172,21.637621836211608,31.402054645991512,,,,,
yaw,000003,yaw,-1.0,,1041,15.37127346204602,14.419962964318785,21.000185168428622,,,,,
yaw,000003,yaw,-0.75,,1044,11.54673441719815,10.827942193263162,15.805205042453421,,,,,
yaw,000003,yaw,-0.5,,1044,7.699629026960706,7.228845821322504,10.544649043260009,,,,,
yaw,000003,yaw,-0.25,,1051,3.8610195963658986,3.6242458461966356,5.324494229406528,,,,,
yaw,000003,yaw,0.0,,1053,0.0,0.0,0.0,,,,,
yaw,000003,yaw,0.25,,1056,3.8582250239071376,3.6205757046051517,5.30979058499872,,,,,
yaw,000003,yaw,0.5,,1061,7.7116836067615,7.238865801210279,10.602641405636653,,,,,
yaw,000003,yaw,0.75,,1062,11.551393605776816,10.84669216707357,15.850894350894686,,,,,
yaw,000003,yaw,1.0,,1062,15.392832421278435,14.453033754430031,21.052973647421926,,,,,
yaw,000003,yaw,1.5,,1059,23.023290771593164,21.664268555167308,31.240143085239595,,,,,
yaw,000003,yaw,2.0,,1056,30.58918086628775,28.8039465978967,41.2415286649945,,,,,
yaw,000003,yaw,2.5,,1059,38.197273353244846,35.96826040334102,51.31566501655811,,,,,
yaw,000003,yaw,3.0,,1065,45.80802916444648,43.16562386902898,61.531061601576035,,,,,
translation,000003,x,-0.2,,1063,16.085347496182564,14.782029027515248,32.58692950694065,,,,,
translation,000003,x,-0.1,,1062,8.052584380730393,7.449690331247322,16.287038021884314,,,,,
translation,000003,x,0.0,,1053,0.0,0.0,0.0,,,,,
translation,000003,x,0.1,,1048,8.027467388170107,7.437838152240389,16.251035255451438,,,,,
translation,000003,x,0.2,,1038,15.91243373431081,14.734900173242456,32.04694076355067,,,,,
translation,000003,y,-0.2,,1136,16.175755768745418,14.913635199701549,32.77436872972663,,,,,
translation,000003,y,-0.1,,1096,8.08737906800986,7.456481969682343,16.385564905153537,,,,,
translation,000003,y,0.0,,1053,0.0,0.0,0.0,,,,,
translation,000003,y,0.1,,1018,7.921789120762791,7.267845861070411,16.26722186464395,,,,,
translation,000003,y,0.2,,983,15.48606195479341,14.21578846147258,32.053596778315324,,,,,
translation,000003,z,-0.2,,1005,7.8272081363389585,5.569342147879215,26.143851318766902,,,,,
translation,000003,z,-0.1,,1031,3.9717994500599723,2.852500101161089,12.985401926733708,,,,,
translation,000003,z,0.0,,1053,0.0,0.0,0.0,,,,,
translation,000003,z,0.1,,1079,3.966961383411914,2.8598511096241492,12.52399028121504,,,,,
translation,000003,z,0.2,,1101,7.81021942150553,5.656883666514527,24.52893080602989,,,,,
yaw,000004,yaw,-3.0,,1007,46.24759915883266,44.00701726679904,61.2320058267634,,,,,
yaw,000004,yaw,-2.5,,1002,38.57450456005636,36.6572443014251,51.32276015457507,,,,,
yaw,000004,yaw,-2.0,,1002,30.968709151030353,29.398104416331783,41.27716544729666,,,,,
yaw,000004,yaw,-1.5,,1001,23.259267710681417,22.02913954512191,31.039783498869898,,,,,
yaw,000004,yaw,-1.0,,1005,15.56855200477798,14.744050845646456,20.92292827491887,,,,,
yaw,000004,yaw,-0.75,,1006,11.69404131744291,11.069752732445448,15.757509160132205,,,,,
yaw,000004,yaw,-0.5,,1005,7.805159439344642,7.376590175676339,10.538372708379022,,,,,
yaw,000004,yaw,-0.25,,1009,3.906554646201855,3.698917590457004,5.287616638966022,,,,,
yaw,000004,yaw,0.0,,1008,0.0,0.0,0.0,,,,,
yaw,000004,yaw,0.25,,1009,3.906012732656916,3.693410498333044,5.2704434284490596,,,,,
yaw,000004,yaw,0.5,,1008,7.805482294670572,7.377762163957646,10.493040532214462,,,,,
yaw,000004,yaw,0.75,,1000,11.65785478830586,11.053028192736887,15.479504069561395,,,,,
yaw,000004,yaw,1.0,,998,15.516626775219397,14.711840689719581,20.57042167280737,,,,,
yaw,000004,yaw,1.5,,995,23.225986411100777,22.045184346084497,30.743949891171475,,,,,
yaw,000004,yaw,2.0,,996,30.880762044694034,29.379261803893087,40.63955747917511,,,,,
yaw,000004,yaw,2.5,,996,38.52770351653253,36.630888441443425,50.87413557385388,,,,,
yaw,000004,yaw,3.0,,1002,46.15805405668215,43.917406330875295,61.08505657305011,,,,,
translation,000004,x,-0.2,,1013,10.934780863163299,9.951709776384073,22.591301843759247,,,,,
translation,000004,x,-0.1,,1009,5.470013708420799,4.976096804853402,11.293523263205016,,,,,
translation,000004,x,0.0,,1008,0.0,0.0,0.0,,,,,
translation,000004,x,0.1,,1009,5.466735740817415,4.976084498272612,11.258098435364857,,,,,
translation,000004,x,0.2,,1007,10.90793586781226,9.949675583642565,22.414204535240376,,,,,
translation,000004,y,-0.2,,1098,10.94445499944296,9.957231233808546,22.505099728220596,,,,,
translation,000004,y,-0.1,,1050,5.471987781151152,4.978466054500464,11.251785396625023,,,,,
translation,000004,y,0.0,,1008,0.0,0.0,0.0,,,,,
translation,000004,y,0.1,,969,5.21883237238127,4.781985096552262,10.53316074596079,,,,,
translation,000004,y,0.2,,935,10.004949926794517,9.118308136147649,19.902743894041297,,,,,
translation,000004,z,-0.2,,977,4.837474655397092,3.453816051360935,12.990765153249681,,,,,
translation,000004,z,-0.1,,994,2.4512506974095776,1.7553635142783617,6.689533152039496,,,,,
translation,000004,z,0.0,,1008,0.0,0.0,0.0,,,,,
translation,000004,z,0.1,,1022,2.46633007032118,1.752257085264917,6.628007281519111,,,,,
translation,000004,z,0.2,,1044,4.882842248324119,3.477729942516911,13.083784997618672,,,,,
yaw,000005,yaw,-3.0,,1000,45.8724889006855,43.384911770765996,60.267416455719534,,,,,
yaw,000005,yaw,-2.5,,1005,38.287445808400335,36.21993593205744,50.27855530242457,,,,,
yaw,000005,yaw,-2.0,,999,30.70062961323354,29.063368332710503,40.689056364035814,,,,,
yaw,000005,yaw,-1.5,,1002,23.087095097393828,21.848361509845212,30.7656064296673,,,,,
yaw,000005,yaw,-1.0,,1001,15.423667286697256,14.598734882377432,20.58624761258172,,,,,
yaw,000005,yaw,-0.75,,997,11.571695862933172,10.945391034174868,15.402832394466438,,,,,
yaw,000005,yaw,-0.5,,997,7.720768670793692,7.2946924383960665,10.30978464900067,,,,,
yaw,000005,yaw,-0.25,,997,3.8705586970181036,3.6506221776312353,5.175813313933638,,,,,
yaw,000005,yaw,0.0,,996,0.0,0.0,0.0,,,,,
yaw,000005,yaw,0.25,,998,3.875211874172586,3.653308363436232,5.18693799029451,,,,,
yaw,000005,yaw,0.5,,999,7.7466217063558105,7.2937273066536585,10.35280236265192,,,,,
yaw,000005,yaw,0.75,,1003,11.61916636710348,10.942169992651076,15.544792684152734,,,,,
yaw,000005,yaw,1.0,,1004,15.469854767329172,14.563281457900686,20.641570473624764,,,,,
yaw,000005,yaw,1.5,,1000,23.131529972856633,21.839025419527527,30.79521631116303,,,,,
yaw,000005,yaw,2.0,,1000,30.79155616118786,29.051121689858725,41.026125766290136,,,,,
yaw,000005,yaw,2.5,,999,38.37880541143676,36.20972630885549,50.857590753184525,,,,,
yaw,000005,yaw,3.0,,997,45.927433877796325,43.29084485112617,60.321865166693684,,,,,
translation,000005,x,-0.2,,998,10.759377445700839,8.996806453344844,22.48137856413099,,,,,
translation,000005,x,-0.1,,997,5.378281247764595,4.496681903944949,11.237451817102825,,,,,
translation,000005,x,0.0,,996,0.0,0.0,0.0,,,,,
translation,000005,x,0.1,,998,5.3741631046872484,4.472874010886806,11.268310300580113,,,,,
translation,000005,x,0.2,,993,10.748977504701465,8.967217163960132,22.552573432493595,,,,,
translation,000005,y,-0.2,,1082,10.762758286636837,9.00661161932899,22.470445785065806,,,,,
translation,000005,y,-0.1,,1041,5.381147033740082,4.503183448302368,11.234460771633286,,,,,
translation,000005,y,0.0,,996,0.0,0.0,0.0,,,,,
translation,000005,y,0.1,,960,5.141230173169485,4.340205089656132,10.588466454496821,,,,,
translation,000005,y,0.2,,928,9.867284654027303,8.53406609927194,20.07060898738649,,,,,
translation,000005,z,-0.2,,962,4.707606953407078,3.894114633268778,12.832788124208639,,,,,
translation,000005,z,-0.1,,984,2.4003288228782313,1.9903781003379388,6.512879721361206,,,,,
translation,000005,z,0.0,,996,0.0,0.0,0.0,,,,,
translation,000005,z,0.1,,1015,2.3994368638211743,1.987965679891527,6.485793834556801,,,,,
translation,000005,z,0.2,,1037,4.751622580232872,3.9469385924522857,12.795510455796755,,,,,
yaw,000006,yaw,-3.0,,1087,45.83339813478785,43.35637799023054,60.42785219301633,,,,,
yaw,000006,yaw,-2.5,,1081,38.26706958719352,36.21437682673332,50.665711239583395,,,,,
yaw,000006,yaw,-2.0,,1086,30.697135757975534,29.10317591209583,40.7908964146347,,,,,
yaw,000006,yaw,-1.5,,1082,23.082846854199353,21.892609931877736,30.877490305149948,,,,,
yaw,000006,yaw,-1.0,,1077,15.403147801961282,14.621936994761647,20.63869592055306,,,,,
yaw,000006,yaw,-0.75,,1081,11.571826606086434,10.984750632667446,15.539459811870138,,,,,
yaw,000006,yaw,-0.5,,1082,7.726873109532384,7.331002624618817,10.402975437420032,,,,,
yaw,000006,yaw,-0.25,,1079,3.8662501344788054,3.6662975198572787,5.200458966905585,,,,,
yaw,000006,yaw,0.0,,1082,0.0,0.0,0.0,,,,,
yaw,000006,yaw,0.25,,1086,3.868022283079413,3.6707501250532912,5.203238705452375,,,,,
yaw,000006,yaw,0.5,,1084,7.72368993695834,7.331251509400488,10.353550399288832,,,,,
yaw,000006,yaw,0.75,,1084,11.576685437772264,10.99665453335809,15.47846128122702,,,,,
yaw,000006,yaw,1.0,,1083,15.405987471961144,14.638839118601554,20.497465079798275,,,,,
yaw,000006,yaw,1.5,,1078,23.02290493777447,21.896005389495734,30.51893106124123,,,,,
yaw,000006,yaw,2.0,,1079,30.64597225605748,29.1515144944198,40.56559185706917,,,,,
yaw,000006,yaw,2.5,,1081,38.22338760881742,36.34166908517055,50.524713396601605,,,,,
yaw,000006,yaw,3.0,,1079,45.76315121829987,43.54907214619043,60.32892372551944,,,,,
translation,000006,x,-0.2,,1082,12.603219374917344,12.168577939725475,23.124178525435617,,,,,
translation,000006,x,-0.1,,1087,6.300535330079149,6.08189303669001,11.55318931200832,,,,,
translation,000006,x,0.0,,1082,0.0,0.0,0.0,,,,,
translation,000006,x,0.1,,1079,6.275345034449531,6.054705959154611,11.558093745413416,,,,,
translation,000006,x,0.2,,1078,12.50380440434171,12.07418683249411,23.079217213880963,,,,,
translation,000006,y,-0.2,,1182,12.594869170148819,12.134442008105253,23.096502409993874,,,,,
translation,000006,y,-0.1,,1132,6.2970685007347145,6.0669509424231975,11.547272135171173,,,,,
translation,000006,y,0.0,,1082,0.0,0.0,0.0,,,,,
translation,000006,y,0.1,,1042,6.072863606978656,5.943962095977946,11.025541551385647,,,,,
translation,000006,y,0.2,,1006,11.745309165885711,11.496015756678236,21.14258121310815,,,,,
translation,000006,z,-0.2,,1042,5.62525018450482,4.478892872865062,14.828385047160408,,,,,
translation,000006,z,-0.1,,1066,2.8573248350597926,2.278675942221996,7.562652023445668,,,,,
translation,000006,z,0.0,,1082,0.0,0.0,0.0,,,,,
translation,000006,z,0.1,,1108,2.8623024310558436,2.2698865852792665,7.654951382189608,,,,,
translation,000006,z,0.2,,1125,5.660069799815566,4.502806610859652,15.118809694946982,,,,,
yaw,000007,yaw,-3.0,,980,46.02584840841789,43.72180851005254,60.803070333044836,,,,,
yaw,000007,yaw,-2.5,,972,38.36450856254695,36.417030197754244,50.70480105979075,,,,,
yaw,000007,yaw,-2.0,,975,30.770383214610938,29.162203778115835,40.584252876699246,,,,,
yaw,000007,yaw,-1.5,,971,23.106564708416997,21.90130156943692,30.567323475026683,,,,,
yaw,000007,yaw,-1.0,,968,15.43513862510763,14.60511532364395,20.453773835815852,,,,,
yaw,000007,yaw,-0.75,,965,11.586491440763377,10.95227447635024,15.383775273377816,,,,,
yaw,000007,yaw,-0.5,,966,7.738363104393102,7.296442737207183,10.300544189694127,,,,,
yaw,000007,yaw,-0.25,,970,3.8793016081189786,3.65203710749598,5.207010488696748,,,,,
yaw,000007,yaw,0.0,,975,0.0,0.0,0.0,,,,,
yaw,000007,yaw,0.25,,977,3.883324050876994,3.6613916706987903,5.22133567350874,,,,,
yaw,000007,yaw,0.5,,974,7.755661608364601,7.326303681278624,10.412414918513537,,,,,
yaw,000007,yaw,0.75,,971,11.61092847192263,10.977392278036058,15.542068267410405,,,,,
yaw,000007,yaw,1.0,,969,15.474216815560423,14.626580567899095,20.734825285372597,,,,,
yaw,000007,yaw,1.5,,969,23.154346205836553,21.89770829723722,30.90201475509817,,,,,
yaw,000007,yaw,2.0,,964,30.756590381794478,29.112847127949227,40.583637676611964,,,,,
yaw,000007,yaw,2.5,,962,38.3304956723111,36.25620067995566,50.40324516754744,,,,,
yaw,000007,yaw,3.0,,961,45.91081044693576,43.458963211667566,60.47574003851538,,,,,
translation,000007,x,-0.2,,975,10.821122553291348,9.50854436341343,22.766137090081152,,,,,
translation,000007,x,-0.1,,979,5.417809536506624,4.747945558751278,11.426986928591385,,,,,
translation,000007,x,0.0,,975,0.0,0.0,0.0,,,,,
translation,000007,x,0.1,,970,5.371271018297409,4.726988342362734,11.331594096887006,,,,,
translation,000007,x,0.2,,968,10.750435067675642,9.460796448305395,22.683537191574967,,,,,
translation,000007,y,-0.2,,1060,10.837633395117415,9.517166311275439,22.86186342314495,,,,,
translation,000007,y,-0.1,,1017,5.418576371884209,4.758446519998032,11.430142786305964,,,,,
translation,000007,y,0.0,,975,0.0,0.0,0.0,,,,,
translation,000007,y,0.1,,940,5.179640598536775,4.637780892461571,10.854969688901217,,,,,
translation,000007,y,0.2,,908,9.93407255394032,8.864073946452141,20.369533297661878,,,,,
translation,000007,z,-0.2,,937,4.682642209007451,3.4844045189074193,12.715133852840967,,,,,
translation,000007,z,-0.1,,956,2.370817598980739,1.7743034009702514,6.479855717599266,,,,,
translation,000007,z,0.0,,975,0.0,0.0,0.0,,,,,
translation,000007,z,0.1,,994,2.4319104388947204,1.79732862151671,6.832100499880746,,,,,
translation,000007,z,0.2,,1011,4.813232372632636,3.5577404812804443,13.477999361799302,,,,,
yaw,000008,yaw,-3.0,,852,45.36382736858945,42.74905763041113,60.51926772383095,,,,,
yaw,000008,yaw,-2.5,,853,37.87761174727903,35.66532183695082,50.64676924614418,,,,,
yaw,000008,yaw,-2.0,,853,30.33274507830846,28.5738800172268,40.73608789966267,,,,,
yaw,000008,yaw,-1.5,,861,22.894104244220113,21.48872287023483,30.853428482712932,,,,,
yaw,000008,yaw,-1.0,,857,15.3073078326502,14.360237946724284,20.76511240960299,,,,,
yaw,000008,yaw,-0.75,,858,11.510018316240696,10.783678459813107,15.738098176814722,,,,,
yaw,000008,yaw,-0.5,,861,7.692917258863977,7.194634756626384,10.608830949078635,,,,,
yaw,000008,yaw,-0.25,,860,3.8502467609369484,3.602063749779527,5.322758232679914,,,,,
yaw,000008,yaw,0.0,,860,0.0,0.0,0.0,,,,,
yaw,000008,yaw,0.25,,866,3.851694789184584,3.602299519492718,5.306126163475403,,,,,
yaw,000008,yaw,0.5,,864,7.690554281499154,7.19587892268145,10.565195245652783,,,,,
yaw,000008,yaw,0.75,,866,11.521746384891062,10.788803953314837,15.837739019019544,,,,,
yaw,000008,yaw,1.0,,867,15.360464788208533,14.382991235289595,21.09467213596952,,,,,
yaw,000008,yaw,1.5,,869,23.003483862672756,21.512060570779198,31.5926299791847,,,,,
yaw,000008,yaw,2.0,,870,30.596692758846235,28.733110047448367,41.90734867062772,,,,,
yaw,000008,yaw,2.5,,870,38.07166400865906,35.78324255925204,51.5933460197168,,,,,
yaw,000008,yaw,3.0,,875,45.58913270963539,42.856355413698,61.49628722197528,,,,,
translation,000008,x,-0.2,,859,16.232092272143955,14.455555995719857,36.60657642213068,,,,,
translation,000008,x,-0.1,,860,8.231596751172528,7.2611683961972995,19.083760402572047,,,,,
translation,000008,x,0.0,,860,0.0,0.0,0.0,,,,,
translation,000008,x,0.1,,864,8.28591987785703,7.267401486564797,19.595160081269942,,,,,
translation,000008,x,0.2,,867,16.556207331005233,14.504810514822012,39.257098991068844,,,,,
translation,000008,y,-0.2,,949,16.58992644071362,14.575794539287758,38.97644875347344,,,,,
translation,000008,y,-0.1,,905,8.29439085826965,7.287576968839924,19.485931742712367,,,,,
translation,000008,y,0.0,,860,0.0,0.0,0.0,,,,,
translation,000008,y,0.1,,820,7.925146745910552,6.97786305039622,18.03801113145437,,,,,
translation,000008,y,0.2,,783,15.200513458620124,13.463729065461624,33.791554808611515,,,,,
translation,000008,z,-0.2,,823,7.363297565220905,4.980335325682402,23.700600388811182,,,,,
translation,000008,z,-0.1,,843,3.74194693637237,2.5785009078009296,12.31241878120817,,,,,
translation,000008,z,0.0,,860,0.0,0.0,0.0,,,,,
translation,000008,z,0.1,,885,3.775714591708553,2.5793063319470626,12.431735544135243,,,,,
translation,000008,z,0.2,,910,7.4215986480009715,5.090075700351844,24.30921667616018,,,,,
yaw,000009,yaw,-3.0,,974,46.039000865934824,43.6858846121346,60.41734636370312,,,,,
yaw,000009,yaw,-2.5,,973,38.48917387654118,36.52434905874131,51.06178063333112,,,,,
yaw,000009,yaw,-2.0,,974,30.885039961256425,29.228709838365,41.03032720642732,,,,,
yaw,000009,yaw,-1.5,,972,23.200556186535625,21.96071656537181,30.948793306127353,,,,,
yaw,000009,yaw,-1.0,,971,15.499289265130786,14.650044327555996,20.7290944335441,,,,,
yaw,000009,yaw,-0.75,,971,11.634340406473363,10.982438025576906,15.556765856645727,,,,,
yaw,000009,yaw,-0.5,,972,7.762851037978082,7.325850340231932,10.377484380002537,,,,,
yaw,000009,yaw,-0.25,,971,3.887996661004352,3.6642552808213855,5.210747695520612,,,,,
yaw,000009,yaw,0.0,,970,0.0,0.0,0.0,,,,,
yaw,000009,yaw,0.25,,972,3.8873241511798975,3.660330607913254,5.223109933652706,,,,,
yaw,000009,yaw,0.5,,972,7.764984021173967,7.317324127711896,10.390386821884299,,,,,
yaw,000009,yaw,0.75,,969,11.618160112491834,10.96901932376906,15.496165319123941,,,,,
yaw,000009,yaw,1.0,,967,15.456991903918764,14.609281395039648,20.510514750663862,,,,,
yaw,000009,yaw,1.5,,968,23.128942111371423,21.88087465351707,30.631531034420338,,,,,
yaw,000009,yaw,2.0,,968,30.775755381195125,29.108469622029617,40.61343004260326,,,,,
yaw,000009,yaw,2.5,,972,38.41193657741395,36.400625267477224,50.55965309281352,,,,,
yaw,000009,yaw,3.0,,971,46.00160779709701,43.7142832747411,60.472314090429116,,,,,
translation,000009,x,-0.2,,970,10.715689178853971,9.345822304962269,22.205480761017352,,,,,
translation,000009,x,-0.1,,973,5.381821250526083,4.710929648067794,11.215385144980777,,,,,
translation,000009,x,0.0,,970,0.0,0.0,0.0,,,,,
translation,000009,x,0.1,,974,5.386784498608493,4.710476849840629,11.230059844264298,,,,,
translation,000009,x,0.2,,975,10.762953852952029,9.420500966733174,22.466146798142496,,,,,
translation,000009,y,-0.2,,1054,10.75705688982536,9.400089353423748,22.375222853964722,,,,,
translation,000009,y,-0.1,,1010,5.378296256302265,4.699911422308083,11.186855756724297,,,,,
translation,000009,y,0.0,,970,0.0,0.0,0.0,,,,,
translation,000009,y,0.1,,933,5.131265778330198,4.526766693352613,10.448204776680559,,,,,
translation,000009,y,0.2,,901,9.838303684894814,8.913910073745528,19.768976464230473,,,,,
translation,000009,z,-0.2,,938,4.738766708382434,3.6723884928879986,12.59252866177813,,,,,
translation,000009,z,-0.1,,958,2.415314046432714,1.845980934759457,6.508911229655452,,,,,
translation,000009,z,0.0,,970,0.0,0.0,0.0,,,,,
translation,000009,z,0.1,,989,2.413824247669045,1.8503254791935042,6.548763127878746,,,,,
translation,000009,z,0.2,,1010,4.7797256291007875,3.6792621690905065,12.920222136169748,,,,,
yaw,000010,yaw,-3.0,,878,45.54949584107082,43.40248807263376,59.44632428177596,,,,,
yaw,000010,yaw,-2.5,,877,38.00670832239982,36.15278210583106,49.89906197843969,,,,,
yaw,000010,yaw,-2.0,,877,30.41666584191593,28.969080774632708,40.01561939958402,,,,,
yaw,000010,yaw,-1.5,,876,22.88795710227184,21.753872822747645,30.258443579666977,,,,,
yaw,000010,yaw,-1.0,,875,15.311490554344315,14.501485816174915,20.429765722514794,,,,,
yaw,000010,yaw,-0.75,,873,11.495028170486268,10.892321951688688,15.380152527400902,,,,,
yaw,000010,yaw,-0.5,,868,7.667102312867666,7.26322895963602,10.283454943386124,,,,,
yaw,000010,yaw,-0.25,,865,3.833553278776777,3.637160169729792,5.157386171903992,,,,,
yaw,000010,yaw,0.0,,864,0.0,0.0,0.0,,,,,
yaw,000010,yaw,0.25,,862,3.8296597292759125,3.632750020668674,5.147490831693906,,,,,
yaw,000010,yaw,0.5,,862,7.655852492571959,7.263714930820105,10.27515746091574,,,,,
yaw,000010,yaw,0.75,,863,11.472873669725805,10.88178042795422,15.396783120838213,,,,,
yaw,000010,yaw,1.0,,864,15.298791556955646,14.498600555949047,20.600643025184233,,,,,
yaw,000010,yaw,1.5,,863,22.907993060020654,21.723778827721446,30.731323669720897,,,,,
yaw,000010,yaw,2.0,,862,30.39343276299195,28.892542901685076,40.24500426981608,,,,,
yaw,000010,yaw,2.5,,859,37.8568642542325,36.01480696656209,49.82224318790227,,,,,
yaw,000010,yaw,3.0,,856,45.276233678112284,43.14326738461844,59.32360144638628,,,,,
translation,000010,x,-0.2,,863,12.12392233828044,11.247574495766667,22.813454677797495,,,,,
translation,000010,x,-0.1,,863,6.05688395773081,5.619504933564214,11.405103464919812,,,,,
translation,000010,x,0.0,,864,0.0,0.0,0.0,,,,,
translation,000010,x,0.1,,867,6.051541036761084,5.6267673975481935,11.400950992253815,,,,,
translation,000010,x,0.2,,869,12.078574690655945,11.244975118011233,22.772260493060486,,,,,
translation,000010,y,-0.2,,951,12.121955689649818,11.295629353261543,22.78864145608695,,,,,
translation,000010,y,-0.1,,906,6.06069783496928,5.64762219282766,11.393536860992258,,,,,
translation,000010,y,0.0,,864,0.0,0.0,0.0,,,,,
translation,000010,y,0.1,,828,5.802855170871986,5.432534107327511,10.750540983665507,,,,,
translation,000010,y,0.2,,794,11.105547145687352,10.57742631463914,20.281201973625567,,,,,
translation,000010,z,-0.2,,838,5.064964115903345,4.050435139827659,13.276915697983627,,,,,
translation,000010,z,-0.1,,853,2.565250349557674,2.058636671669272,6.71177461921427,,,,,
translation,000010,z,0.0,,864,0.0,0.0,0.0,,,,,
translation,000010,z,0.1,,880,2.566882101357624,2.067019341233216,6.702134909853702,,,,,
translation,000010,z,0.2,,899,5.078323479651566,4.089225363437878,13.20897293330235,,,,,
yaw,000011,yaw,-3.0,,1101,45.82500774874545,43.460811817346375,60.21582676325947,,,,,
yaw,000011,yaw,-2.5,,1105,38.24773080467389,36.275601122657164,50.46461961236646,,,,,
yaw,000011,yaw,-2.0,,1105,30.66185993726803,29.053355722094388,40.5613582989444,,,,,
yaw,000011,yaw,-1.5,,1107,23.086051751897976,21.804004446157762,30.681007609735303,,,,,
yaw,000011,yaw,-1.0,,1109,15.417486896755117,14.555053010199131,20.616317927000015,,,,,
yaw,000011,yaw,-0.75,,1109,11.585329358877443,10.92577659668132,15.54795705121846,,,,,
yaw,000011,yaw,-0.5,,1103,7.729097786795194,7.284757443397448,10.368545293372678,,,,,
yaw,000011,yaw,-0.25,,1106,3.8687182116777086,3.644881026142556,5.2019908283440826,,,,,
yaw,000011,yaw,0.0,,1108,0.0,0.0,0.0,,,,,
yaw,000011,yaw,0.25,,1110,3.8704692393542675,3.6377455616561707,5.211883344048651,,,,,
yaw,000011,yaw,0.5,,1111,7.734512095141486,7.26877746897011,10.386059396278867,,,,,
yaw,000011,yaw,0.75,,1111,11.592054143670435,10.89307275144678,15.601063123297498,,,,,
yaw,000011,yaw,1.0,,1110,15.434566261637933,14.50097227105351,20.77190211382046,,,,,
yaw,000011,yaw,1.5,,1109,23.081541586995254,21.72258260448586,30.870895368220825,,,,,
yaw,000011,yaw,2.0,,1108,30.731891757895028,29.02794279785434,40.88943241177971,,,,,
yaw,000011,yaw,2.5,,1108,38.30924976105958,36.242633916457144,50.49371507389322,,,,,
yaw,000011,yaw,3.0,,1110,45.830024184808536,43.38045092170243,60.443933403215695,,,,,
translation,000011,x,-0.2,,1106,11.809505690416033,10.81621087776572,23.35214593763823,,,,,
translation,000011,x,-0.1,,1106,5.924770274072569,5.411913422278802,11.786931337267136,,,,,
translation,000011,x,0.0,,1108,0.0,0.0,0.0,,,,,
translation,000011,x,0.1,,1108,5.917785517249016,5.411308844625319,11.784074699199904,,,,,
translation,000011,x,0.2,,1108,11.795126821656934,10.81381244794452,23.42689825922674,,,,,
translation,000011,y,-0.2,,1202,11.890229710104157,10.85010378269795,23.825209542716294,,,,,
translation,000011,y,-0.1,,1153,5.944841392548874,5.424874351959691,11.911748045453875,,,,,
translation,000011,y,0.0,,1108,0.0,0.0,0.0,,,,,
translation,000011,y,0.1,,1068,5.711529492739627,5.264069384638967,11.225120716502156,,,,,
translation,000011,y,0.2,,1032,10.995190618772474,10.167794542425785,21.3216758580967,,,,,
translation,000011,z,-0.2,,1070,5.247817927279228,4.230316267135596,13.863970079432498,,,,,
translation,000011,z,-0.1,,1090,2.677964598029332,2.1398590390573036,7.256356897396113,,,,,
translation,000011,z,0.0,,1108,0.0,0.0,0.0,,,,,
translation,000011,z,0.1,,1126,2.706028969436342,2.129511365341493,7.446597455483979,,,,,
translation,000011,z,0.2,,1151,5.353101849761459,4.222605678211297,14.637765843960038,,,,,
yaw,000012,yaw,-3.0,,932,45.930356196615335,43.70887331071793,60.340085354788215,,,,,
yaw,000012,yaw,-2.5,,930,38.34673722739927,36.45263957798081,50.5568090351113,,,,,
yaw,000012,yaw,-2.0,,929,30.791016662573313,29.154546394863686,40.72082168137245,,,,,
yaw,000012,yaw,-1.5,,933,23.168292167891828,21.89038260730196,30.813262252863797,,,,,
yaw,000012,yaw,-1.0,,940,15.513126491523614,14.625731921246446,20.862835423333557,,,,,
yaw,000012,yaw,-0.75,,939,11.642974133944932,10.979024412369814,15.712742738550249,,,,,
yaw,000012,yaw,-0.5,,938,7.7638290620232455,7.312604186689133,10.48776148730505,,,,,
yaw,000012,yaw,-0.25,,939,3.88628321194123,3.66301727401655,5.244335328127541,,,,,
yaw,000012,yaw,0.0,,936,0.0,0.0,0.0,,,,,
yaw,000012,yaw,0.25,,934,3.880141777803111,3.66265913054586,5.224359253830475,,,,,
yaw,000012,yaw,0.5,,934,7.752062010718498,7.324293817247748,10.43202717518034,,,,,
yaw,000012,yaw,0.75,,931,11.611040878176667,10.959074795347712,15.605980704310827,,,,,
yaw,000012,yaw,1.0,,934,15.471894117618099,14.606311743046307,20.795679467094516,,,,,
yaw,000012,yaw,1.5,,933,23.1236770865218,21.824591096821784,30.886827866806865,,,,,
yaw,000012,yaw,2.0,,933,30.7310830181314,29.087418549157164,40.76862708490082,,,,,
yaw,000012,yaw,2.5,,940,38.28296220067111,36.27080116208086,50.45029585016114,,,,,
yaw,000012,yaw,3.0,,940,45.886838896400135,43.52824158856184,60.47666604739774,,,,,
translation,000012,x,-0.2,,936,10.527396845084938,8.999683404653918,21.908055412973916,,,,,
translation,000012,x,-0.1,,936,5.26369545382624,4.499634620535353,10.95129471664681,,,,,
translation,000012,x,0.0,,936,0.0,0.0,0.0,,,,,
translation,000012,x,0.1,,939,5.270593560483142,4.5074215828102915,10.959173512401405,,,,,
translation,000012,x,0.2,,939,10.547086129558805,9.037566704329487,21.916572718713336,,,,,
translation,000012,y,-0.2,,1018,10.547106721584132,9.006008641595248,21.85823841513656,,,,,
translation,000012,y,-0.1,,978,5.273317185255844,4.502881967265033,10.928398037777967,,,,,
translation,000012,y,0.0,,936,0.0,0.0,0.0,,,,,
translation,000012,y,0.1,,899,5.0279982656177316,4.285946588374866,10.573587676659775,,,,,
translation,000012,y,0.2,,869,9.650814721522492,8.240294364386836,20.463935215490576,,,,,
translation,000012,z,-0.2,,912,4.693716972497087,3.361463127621403,13.461660544549364,,,,,
translation,000012,z,-0.1,,923,2.354169811705516,1.6881162160304846,6.683256275087224,,,,,
translation,000012,z,0.0,,936,0.0,0.0,0.0,,,,,
translation,000012,z,0.1,,956,2.355662817622584,1.7053326153203288,6.78509621806027,,,,,
translation,000012,z,0.2,,972,4.662823760988425,3.392869053392194,13.388776552119197,,,,,
yaw,000013,yaw,-3.0,,972,46.05447303885938,43.53557484359663,61.00604611157994,,,,,
yaw,000013,yaw,-2.5,,972,38.424226216370045,36.37155195856677,51.130896488897854,,,,,
yaw,000013,yaw,-2.0,,975,30.815580861991503,29.11218771905828,40.99960690394938,,,,,
yaw,000013,yaw,-1.5,,972,23.147560676182472,21.860308958878022,30.7513323243856,,,,,
yaw,000013,yaw,-1.0,,975,15.472050155004892,14.612765123633697,20.565374101772324,,,,,
yaw,000013,yaw,-0.75,,974,11.634769870147705,10.976700191293114,15.606285060541987,,,,,
yaw,000013,yaw,-0.5,,975,7.7735393277534195,7.33184304148431,10.445641404443887,,,,,
yaw,000013,yaw,-0.25,,977,3.8970501564151725,3.6707002683592567,5.290956788057987,,,,,
yaw,000013,yaw,0.0,,977,0.0,0.0,0.0,,,,,
yaw,000013,yaw,0.25,,976,3.8916537257017745,3.677174057405037,5.261293578386773,,,,,
yaw,000013,yaw,0.5,,974,7.763350882225668,7.340561024555229,10.446486792425967,,,,,
yaw,000013,yaw,0.75,,971,11.624565365190143,10.991449796846972,15.63812445891332,,,,,
yaw,000013,yaw,1.0,,971,15.486337570874852,14.623331158081713,20.86252559530526,,,,,
yaw,000013,yaw,1.5,,975,23.19734398116183,21.913561307560215,31.002307111552284,,,,,
yaw,000013,yaw,2.0,,975,30.850229214403097,29.14971613817712,40.99889430591252,,,,,
yaw,000013,yaw,2.5,,977,38.50704023265756,36.42228996703939,51.089642469377594,,,,,
yaw,000013,yaw,3.0,,978,46.04532992696499,43.57323744093448,61.07520476334537,,,,,
translation,000013,x,-0.2,,973,11.625932846464025,11.113679498904709,21.61423284115525,,,,,
translation,000013,x,-0.1,,979,5.813573016447817,5.55748029177779,10.804369770196699,,,,,
translation,000013,x,0.0,,977,0.0,0.0,0.0,,,,,
translation,000013,x,0.1,,977,5.802270085278948,5.556846352316232,10.751076328611994,,,,,
translation,000013,x,0.2,,975,11.558811710146143,11.10372160720144,21.45502601641297,,,,,
translation,000013,y,-0.2,,1064,11.631967040570835,11.13236354628475,21.585430307302303,,,,,
translation,000013,y,-0.1,,1018,5.815734258838913,5.565994952916322,10.79201190443271,,,,,
translation,000013,y,0.0,,977,0.0,0.0,0.0,,,,,
translation,000013,y,0.1,,944,5.626035165345556,5.508438789894682,10.07423932743928,,,,,
translation,000013,y,0.2,,913,10.907380759305576,10.606167248682734,19.34523645665462,,,,,
translation,000013,z,-0.2,,939,5.338060247875267,4.69576590772531,13.033398138389126,,,,,
translation,000013,z,-0.1,,963,2.720494673675845,2.405661893787246,6.55403549235502,,,,,
translation,000013,z,0.0,,977,0.0,0.0,0.0,,,,,
translation,000013,z,0.1,,996,2.72798071862737,2.4049449540725476,6.482557905188551,,,,,
translation,000013,z,0.2,,1012,5.401316384892249,4.767890130783909,12.796092428796458,,,,,
yaw,000014,yaw,-3.0,,985,45.79026354265132,43.3274725026923,60.06555955819385,,,,,
yaw,000014,yaw,-2.5,,986,38.24201971212916,36.19643238127513,50.37225296431628,,,,,
yaw,000014,yaw,-2.0,,988,30.724186256118607,29.041276645526118,40.63205058185326,,,,,
yaw,000014,yaw,-1.5,,984,23.090194612874303,21.815622182414888,30.55948974248835,,,,,
yaw,000014,yaw,-1.0,,987,15.431452103408285,14.535068284164282,20.59882919769264,,,,,
yaw,000014,yaw,-0.75,,990,11.593002699893074,10.917698974005953,15.490381348169485,,,,,
yaw,000014,yaw,-0.5,,990,7.742076715487884,7.288532911698396,10.402126220056765,,,,,
yaw,000014,yaw,-0.25,,984,3.872583693110338,3.6507168509742423,5.217062090079476,,,,,
yaw,000014,yaw,0.0,,983,0.0,0.0,0.0,,,,,
yaw,000014,yaw,0.25,,985,3.8741906386920935,3.6511954334173584,5.217271811810209,,,,,
yaw,000014,yaw,0.5,,988,7.744814417337995,7.298346986226538,10.430773639120051,,,,,
yaw,000014,yaw,0.75,,988,11.612316645291749,10.94193099769558,15.62242344569868,,,,,
yaw,000014,yaw,1.0,,984,15.451983074827629,14.580398854517963,20.761408450289967,,,,,
yaw,000014,yaw,1.5,,981,23.103742928430602,21.827880210142162,30.94220457432282,,,,,
yaw,000014,yaw,2.0,,981,30.729290383173456,29.012712635521602,40.9608858463609,,,,,
yaw,000014,yaw,2.5,,983,38.35017323742846,36.265384214350036,50.830986631739776,,,,,
yaw,000014,yaw,3.0,,983,45.90095352308007,43.36857271590403,60.718652903034794,,,,,
translation,000014,x,-0.2,,986,11.248365289887564,10.485683759703507,21.631382165984174,,,,,
translation,000014,x,-0.1,,985,5.6317489379878785,5.243139136581964,10.829313423495563,,,,,
translation,000014,x,0.0,,983,0.0,0.0,0.0,,,,,
translation,000014,x,0.1,,989,5.635012356379281,5.251385970561493,10.827729370914147,,,,,
translation,000014,x,0.2,,991,11.2493594992626,10.485413205787895,21.655519523078805,,,,,
translation,000014,y,-0.2,,1063,11.256989137720689,10.458068929672276,21.644295988006863,,,,,
translation,000014,y,-0.1,,1025,5.629120048062795,5.234510413025756,10.81954610017096,,,,,
translation,000014,y,0.0,,983,0.0,0.0,0.0,,,,,
translation,000014,y,0.1,,947,5.413252357972783,5.044976218015454,10.09944965036043,,,,,
translation,000014,y,0.2,,917,10.474777962691663,9.931099350359771,19.07565734907316,,,,,
translation,000014,z,-0.2,,954,5.067015391712147,4.376314022718985,12.249487360182274,,,,,
translation,000014,z,-0.1,,970,2.5672608054527806,2.20378348342855,6.1614065168048855,,,,,
translation,000014,z,0.0,,983,0.0,0.0,0.0,,,,,
translation,000014,z,0.1,,1004,2.556656330862812,2.19214935142121,6.099858786823021,,,,,
translation,000014,z,0.2,,1018,5.063549839829774,4.351975041646107,12.039668931102069,,,,,
yaw,000015,yaw,-3.0,,914,45.437293014125785,42.72905937060746,60.24223720675428,,,,,
yaw,000015,yaw,-2.5,,915,37.932455598654386,35.66023249888493,50.487844053774154,,,,,
yaw,000015,yaw,-2.0,,915,30.402621262766015,28.59933418750169,40.438624740814944,,,,,
yaw,000015,yaw,-1.5,,917,22.88038098021466,21.44944920027382,30.468601236737094,,,,,
yaw,000015,yaw,-1.0,,918,15.279296427120373,14.2819581945739,20.379312394826915,,,,,
yaw,000015,yaw,-0.75,,920,11.485139181018942,10.715637571311492,15.516583098831752,,,,,
yaw,000015,yaw,-0.5,,921,7.666061184800032,7.161787151533135,10.37303713246298,,,,,
yaw,000015,yaw,-0.25,,920,3.834925274754346,3.5779079610903706,5.18550942609532,,,,,
yaw,000015,yaw,0.0,,916,0.0,0.0,0.0,,,,,
yaw,000015,yaw,0.25,,920,3.832599260783927,3.573353167931906,5.182392701386518,,,,,
yaw,000015,yaw,0.5,,921,7.652618992312816,7.151304240818658,10.326240879260325,,,,,
yaw,000015,yaw,0.75,,923,11.470935260560331,10.734188977161486,15.480723246381055,,,,,
yaw,000015,yaw,1.0,,925,15.277366662075707,14.326691239959285,20.578836759996808,,,,,
yaw,000015,yaw,1.5,,924,22.85364814759794,21.45876090956512,30.51528585620687,,,,,
yaw,000015,yaw,2.0,,923,30.37771346673267,28.48705145437161,40.28440803755332,,,,,
yaw,000015,yaw,2.5,,925,37.86965826753307,35.55556080344843,50.14668771258313,,,,,
yaw,000015,yaw,3.0,,929,45.43345243949061,42.679894939923756,60.51902515880648,,,,,
translation,000015,x,-0.2,,922,15.669181603114975,14.58710486956707,37.07987294628581,,,,,
translation,000015,x,-0.1,,920,7.846189672328068,7.299224560158724,18.537388636170004,,,,,
translation,000015,x,0.0,,916,0.0,0.0,0.0,,,,,
translation,000015,x,0.1,,922,7.847527256307836,7.302768938451046,18.534056338251574,,,,,
translation,000015,x,0.2,,920,15.67984951982539,14.581574110401798,37.070065936707934,,,,,
translation,000015,y,-0.2,,1013,15.696122936042158,14.590274349201607,36.98681454865587,,,,,
translation,000015,y,-0.1,,967,7.847463661283759,7.294746994597386,18.490897178734713,,,,,
translation,000015,y,0.0,,916,0.0,0.0,0.0,,,,,
translation,000015,y,0.1,,876,7.498571846797586,7.016277707833207,17.011891811319106,,,,,
translation,000015,y,0.2,,839,14.333601445836342,13.599425458008128,31.544845873638625,,,,,
translation,000015,z,-0.2,,886,7.219427121473927,5.043917176050654,21.52432013113161,,,,,
translation,000015,z,-0.1,,905,3.6631183529102507,2.6305102149151702,10.905777387723674,,,,,
translation,000015,z,0.0,,916,0.0,0.0,0.0,,,,,
translation,000015,z,0.1,,944,3.615736224054872,2.6583034219046415,10.625543663345937,,,,,
translation,000015,z,0.2,,967,7.120954546090352,5.257351621556376,20.82588063280531,,,,,
yaw,000016,yaw,-3.0,,990,45.779666826903885,43.186300590981176,60.614211773894624,,,,,
yaw,000016,yaw,-2.5,,993,38.21548061476873,36.000152327347195,50.77523728890623,,,,,
yaw,000016,yaw,-2.0,,995,30.70982456051435,28.872560231602122,41.04966337900993,,,,,
yaw,000016,yaw,-1.5,,994,23.082047851258285,21.701125967866822,30.973589861650407,,,,,
yaw,000016,yaw,-1.0,,990,15.394868231726447,14.465324160739874,20.76777605151995,,,,,
yaw,000016,yaw,-0.75,,990,11.554030383683616,10.86570745144941,15.611394253705756,,,,,
yaw,000016,yaw,-0.5,,992,7.715304578764339,7.249573674182428,10.442773441343302,,,,,
yaw,000016,yaw,-0.25,,995,3.864221894218134,3.6234311147857423,5.230995607078345,,,,,
yaw,000016,yaw,0.0,,993,0.0,0.0,0.0,,,,,
yaw,000016,yaw,0.25,,994,3.865187985383837,3.615249015493652,5.240928641228573,,,,,
yaw,000016,yaw,0.5,,995,7.718323655951071,7.23128769785553,10.450766447124408,,,,,
yaw,000016,yaw,0.75,,992,11.551628615015586,10.831924577107777,15.601397349398166,,,,,
yaw,000016,yaw,1.0,,993,15.36693304094367,14.419796692782239,20.703580753768254,,,,,
yaw,000016,yaw,1.5,,992,22.963789226436052,21.65041135519043,30.846242588756706,,,,,
yaw,000016,yaw,2.0,,992,30.56042178870338,28.894697341728566,40.58447473775496,,,,,
yaw,000016,yaw,2.5,,994,38.093676272472855,36.079259270795546,50.244576997880934,,,,,
yaw,000016,yaw,3.0,,995,45.606489835574614,43.24298523183112,59.895406037318295,,,,,
translation,000016,x,-0.2,,988,13.057881983135623,11.399981810303402,26.80250794993979,,,,,
translation,000016,x,-0.1,,989,6.610245360651952,5.729811165325819,13.626888184686122,,,,,
translation,000016,x,0.0,,993,0.0,0.0,0.0,,,,,
translation,000016,x,0.1,,995,6.649337754556036,5.7399690831910615,13.826061916001711,,,,,
translation,000016,x,0.2,,993,13.268397511413529,11.444047204946493,27.651476285157617,,,,,
translation,000016,y,-0.2,,1090,13.334363327422261,11.609854420280715,27.567513860817265,,,,,
translation,000016,y,-0.1,,1041,6.666818992732158,5.804723908923809,13.78261035273484,,,,,
translation,000016,y,0.0,,993,0.0,0.0,0.0,,,,,
translation,000016,y,0.1,,951,6.389353700419197,5.488353613473598,13.417896128925573,,,,,
translation,000016,y,0.2,,910,12.249401672103517,10.484730880337782,26.18811143689603,,,,,
translation,000016,z,-0.2,,945,5.760578017569075,3.7873510403898667,17.68795595089788,,,,,
translation,000016,z,-0.1,,971,2.989412127657353,1.9651223900357784,9.431184837590969,,,,,
translation,000016,z,0.0,,993,0.0,0.0,0.0,,,,,
translation,000016,z,0.1,,1011,3.0641894900355022,1.9838375694198014,9.670731557195625,,,,,
translation,000016,z,0.2,,1037,6.046444940945326,3.9420301499471995,18.968476162836943,,,,,
yaw,000017,yaw,-3.0,,1004,46.12703278871195,43.72769447559976,61.04623132693474,,,,,
yaw,000017,yaw,-2.5,,998,38.48599360647897,36.3850926666067,50.99393572287083,,,,,
yaw,000017,yaw,-2.0,,997,30.801985818961604,29.154875679774957,40.885291693859216,,,,,
yaw,000017,yaw,-1.5,,997,23.153627722846444,21.914722900983833,30.746397795976307,,,,,
yaw,000017,yaw,-1.0,,1001,15.48849082391524,14.647343131746286,20.694056737438007,,,,,
yaw,000017,yaw,-0.75,,1004,11.653939584911177,11.008740878999925,15.580016791533925,,,,,
yaw,000017,yaw,-0.5,,1004,7.774644077625612,7.3391211317916065,10.388649111110604,,,,,
yaw,000017,yaw,-0.25,,1003,3.891962356380972,3.6700275187064864,5.20563051782544,,,,,
yaw,000017,yaw,0.0,,1004,0.0,0.0,0.0,,,,,
yaw,000017,yaw,0.25,,1004,3.88999544148808,3.671918591799415,5.20195393113549,,,,,
yaw,000017,yaw,0.5,,1000,7.7576611921668475,7.346107807014256,10.357615264151928,,,,,
yaw,000017,yaw,0.75,,997,11.620488755153866,11.00859046739641,15.478827628245767,,,,,
yaw,000017,yaw,1.0,,997,15.486382710756926,14.667560366603889,20.647038828513477,,,,,
yaw,000017,yaw,1.5,,999,23.175558082452767,21.978339637404417,30.905664432498735,,,,,
yaw,000017,yaw,2.0,,1004,30.856589229161283,29.229538445132555,41.258358542698346,,,,,
yaw,000017,yaw,2.5,,1004,38.43398214505068,36.43617076465521,50.997472038770695,,,,,
yaw,000017,yaw,3.0,,1001,45.98715854368966,43.639861426155676,60.27613481225541,,,,,
translation,000017,x,-0.2,,1000,11.10530449824429,10.043427519870354,22.705957431269507,,,,,
translation,000017,x,-0.1,,1003,5.548728777567448,5.021379659842603,11.351265953249266,,,,,
translation,000017,x,0.0,,1004,0.0,0.0,0.0,,,,,
translation,000017,x,0.1,,1001,5.548259768695561,5.021012217730628,11.348635561554216,,,,,
translation,000017,x,0.2,,1001,11.075812463659538,10.041203270992185,22.6521190962417,,,,,
translation,000017,y,-0.2,,1097,11.101848767934847,10.052996605414528,22.700326009501534,,,,,
translation,000017,y,-0.1,,1049,5.5571232313066075,5.037245580853481,11.347720972517118,,,,,
translation,000017,y,0.0,,1004,0.0,0.0,0.0,,,,,
translation,000017,y,0.1,,967,5.312474477496274,4.847506449509638,10.703487789165743,,,,,
translation,000017,y,0.2,,931,10.16435901961397,9.286795007977897,20.366043452682053,,,,,
translation,000017,z,-0.2,,967,4.780421713999127,3.6947326500910846,12.864496945653634,,,,,
translation,000017,z,-0.1,,985,2.4195578497891725,1.8540887779958783,6.5518738791065285,,,,,
translation,000017,z,0.0,,1004,0.0,0.0,0.0,,,,,
translation,000017,z,0.1,,1023,2.4532737129095934,1.8685014311383168,6.64645579390375,,,,,
translation,000017,z,0.2,,1041,4.856057655717141,3.722998341740678,13.131578559934164,,,,,
yaw,000018,yaw,-3.0,,915,46.1902185001394,43.761641387918175,60.5869133266635,,,,,
yaw,000018,yaw,-2.5,,917,38.62786292130639,36.55005194605516,50.879710574954906,,,,,
yaw,000018,yaw,-2.0,,920,31.028357562182073,29.30423146366638,41.12637050005055,,,,,
yaw,000018,yaw,-1.5,,922,23.3322513910527,22.02278265863003,31.07121046256072,,,,,
yaw,000018,yaw,-1.0,,921,15.591503615433009,14.7197361657152,20.847806273611738,,,,,
yaw,000018,yaw,-0.75,,921,11.701016799071072,11.04543729743967,15.66646540576536,,,,,
yaw,000018,yaw,-0.5,,922,7.812022448893549,7.36208982888307,10.485483530807047,,,,,
yaw,000018,yaw,-0.25,,922,3.907558714542644,3.687125491483057,5.251915978472875,,,,,
yaw,000018,yaw,0.0,,924,0.0,0.0,0.0,,,,,
yaw,000018,yaw,0.25,,922,3.9032576728110855,3.685380501652852,5.233682725162312,,,,,
yaw,000018,yaw,0.5,,922,7.7945562778373825,7.359784814860927,10.440329953503674,,,,,
yaw,000018,yaw,0.75,,922,11.682353274958134,11.022376516263408,15.611222361625899,,,,,
yaw,000018,yaw,1.0,,924,15.547712377778927,14.674902006993964,20.714723893229664,,,,,
yaw,000018,yaw,1.5,,922,23.233618082907853,21.92913706172383,30.860558291764395,,,,,
yaw,000018,yaw,2.0,,916,30.873783547854828,29.23733619636679,40.868993153169455,,,,,
yaw,000018,yaw,2.5,,911,38.43072870712666,36.367734477324646,50.58076945133279,,,,,
yaw,000018,yaw,3.0,,915,46.04525651752737,43.621519057374655,60.56958615714226,,,,,
translation,000018,x,-0.2,,923,10.54225075541217,9.141463704104055,21.96714161110123,,,,,
translation,000018,x,-0.1,,918,5.276012168855144,4.570777996172113,10.97983052209267,,,,,
translation,000018,x,0.0,,924,0.0,0.0,0.0,,,,,
translation,000018,x,0.1,,923,5.2849699800728445,4.590804155326371,11.01482469504267,,,,,
translation,000018,x,0.2,,924,10.557390963387572,9.140268422034064,22.032160211679543,,,,,
translation,000018,y,-0.2,,1012,10.578103271444633,9.186973347080427,21.968896740380742,,,,,
translation,000018,y,-0.1,,967,5.288822695536325,4.593359350549514,10.983719868598229,,,,,
translation,000018,y,0.0,,924,0.0,0.0,0.0,,,,,
translation,000018,y,0.1,,883,4.998501850523445,4.37064211609091,10.266574768690138,,,,,
translation,000018,y,0.2,,852,9.563304846615102,8.499587661172814,19.568946199287343,,,,,
translation,000018,z,-0.2,,890,4.659188250548907,3.5427933416368016,12.843018695327135,,,,,
translation,000018,z,-0.1,,907,2.387246482910216,1.7838096928195386,6.64404152546295,,,,,
translation,000018,z,0.0,,924,0.0,0.0,0.0,,,,,
translation,000018,z,0.1,,935,2.401674657863233,1.804201175667901,6.750866484951683,,,,,
translation,000018,z,0.2,,952,4.755187228604453,3.589515758514586,13.305039349493047,,,,,
yaw,000019,yaw,-3.0,,982,46.29512724371265,43.861665853343,61.99716202404652,,,,,
yaw,000019,yaw,-2.5,,983,38.687708746763555,36.573934956177986,51.99902929085136,,,,,
yaw,000019,yaw,-2.0,,984,30.968390156921444,29.29664933112328,41.54039845694382,,,,,
yaw,000019,yaw,-1.5,,979,23.248870713044138,21.994401629268452,31.27070732826639,,,,,
yaw,000019,yaw,-1.0,,984,15.54313331388846,14.703895700820862,20.94130367990056,,,,,
yaw,000019,yaw,-0.75,,982,11.675610732473027,11.015186574193935,15.761864764072506,,,,,
yaw,000019,yaw,-0.5,,987,7.802932774415006,7.353361427061639,10.59699011715343,,,,,
yaw,000019,yaw,-0.25,,987,3.904374774242173,3.6780004479931248,5.316832582329897,,,,,
yaw,000019,yaw,0.0,,993,0.0,0.0,0.0,,,,,
yaw,000019,yaw,0.25,,993,3.910331840626482,3.679724596373493,5.354222648392811,,,,,
yaw,000019,yaw,0.5,,998,7.808311797407508,7.347841980097694,10.640067172866866,,,,,
yaw,000019,yaw,0.75,,997,11.707289248268076,11.00487764042445,15.897977951186109,,,,,
yaw,000019,yaw,1.0,,995,15.579114390092144,14.671285216813487,21.069528374772553,,,,,
yaw,000019,yaw,1.5,,992,23.30857557837367,21.966864927745867,31.372214391950838,,,,,
yaw,000019,yaw,2.0,,989,31.005087390718952,29.20835572376432,41.63678853253598,,,,,
yaw,000019,yaw,2.5,,994,38.650795114838424,36.589215472833274,51.81967402157604,,,,,
yaw,000019,yaw,3.0,,996,46.29080491121019,43.843364193606824,62.09290758529436,,,,,
translation,000019,x,-0.2,,983,17.935329637210188,17.00265400380077,39.59417933711865,,,,,
translation,000019,x,-0.1,,992,9.112636721005634,8.550612434711363,20.189074294470633,,,,,
translation,000019,x,0.0,,993,0.0,0.0,0.0,,,,,
translation,000019,x,0.1,,991,9.232983919141665,8.554321157189026,20.907410390966067,,,,,
translation,000019,x,0.2,,992,18.44700187694732,17.02205581985441,41.866735482259166,,,,,
translation,000019,y,-0.2,,1089,18.4604846407755,17.29703545916949,41.51787300173535,,,,,
translation,000019,y,-0.1,,1040,9.229549041220341,8.648066236030965,20.75633640286616,,,,,
translation,000019,y,0.0,,993,0.0,0.0,0.0,,,,,
translation,000019,y,0.1,,953,9.015510472441749,8.460387737294132,20.085362848223042,,,,,
translation,000019,y,0.2,,915,17.612361819867818,16.612475687398675,39.77231062377943,,,,,
translation,000019,z,-0.2,,939,8.99360342362692,6.77326526920966,26.642697531729002,,,,,
translation,000019,z,-0.1,,966,4.583845323055403,3.4305760612180674,13.744385980135863,,,,,
translation,000019,z,0.0,,993,0.0,0.0,0.0,,,,,
translation,000019,z,0.1,,1021,4.598174526338024,3.4607794473291458,13.677363844865434,,,,,
translation,000019,z,0.2,,1044,9.02721934214925,6.8547740837048226,26.61331744095393,,,,,
time_offset_proxy,000000,,,0,,,,,,0,0,0,Proxy simulation using adjacent KITTI frames; no IMU/ego-motion compensation is claimed.
time_offset_proxy,000000,,,1,,,,,,0,0,0,Proxy simulation using adjacent KITTI frames; no IMU/ego-motion compensation is claimed.
time_offset_proxy,000000,,,2,,,,,,0,0,0,Proxy simulation using adjacent KITTI frames; no IMU/ego-motion compensation is claimed.
time_offset_proxy,000000,,,3,,,,,,0,0,0,Proxy simulation using adjacent KITTI frames; no IMU/ego-motion compensation is claimed.
time_offset_proxy,000000,,,4,,,,,,0,0,0,Proxy simulation using adjacent KITTI frames; no IMU/ego-motion compensation is claimed.
time_offset_proxy,000000,,,5,,,,,,0,0,17,Proxy simulation using adjacent KITTI frames; no IMU/ego-motion compensation is claimed.
time_offset_proxy,000001,,,-1,,,,,,0,0,0,Proxy simulation using adjacent KITTI frames; no IMU/ego-motion compensation is claimed.
time_offset_proxy,000001,,,0,,,,,,0,0,0,Proxy simulation using adjacent KITTI frames; no IMU/ego-motion compensation is claimed.
time_offset_proxy,000001,,,1,,,,,,0,0,0,Proxy simulation using adjacent KITTI frames; no IMU/ego-motion compensation is claimed.
time_offset_proxy,000001,,,2,,,,,,0,0,0,Proxy simulation using adjacent KITTI frames; no IMU/ego-motion compensation is claimed.
time_offset_proxy,000001,,,3,,,,,,0,0,0,Proxy simulation using adjacent KITTI frames; no IMU/ego-motion compensation is claimed.
time_offset_proxy,000001,,,4,,,,,,0,0,17,Proxy simulation using adjacent KITTI frames; no IMU/ego-motion compensation is claimed.
time_offset_proxy,000001,,,5,,,,,,0,0,43,Proxy simulation using adjacent KITTI frames; no IMU/ego-motion compensation is claimed.
time_offset_proxy,000002,,,-2,,,,,,0,0,0,Proxy simulation using adjacent KITTI frames; no IMU/ego-motion compensation is claimed.
time_offset_proxy,000002,,,-1,,,,,,0,0,0,Proxy simulation using adjacent KITTI frames; no IMU/ego-motion compensation is claimed.
time_offset_proxy,000002,,,0,,,,,,0,0,0,Proxy simulation using adjacent KITTI frames; no IMU/ego-motion compensation is claimed.
time_offset_proxy,000002,,,1,,,,,,0,0,0,Proxy simulation using adjacent KITTI frames; no IMU/ego-motion compensation is claimed.
time_offset_proxy,000002,,,2,,,,,,0,0,0,Proxy simulation using adjacent KITTI frames; no IMU/ego-motion compensation is claimed.
time_offset_proxy,000002,,,3,,,,,,0,0,17,Proxy simulation using adjacent KITTI frames; no IMU/ego-motion compensation is claimed.
time_offset_proxy,000002,,,4,,,,,,0,0,43,Proxy simulation using adjacent KITTI frames; no IMU/ego-motion compensation is claimed.
time_offset_proxy,000002,,,5,,,,,,0,0,31,Proxy simulation using adjacent KITTI frames; no IMU/ego-motion compensation is claimed.
time_offset_proxy,000003,,,-3,,,,,,0,0,0,Proxy simulation using adjacent KITTI frames; no IMU/ego-motion compensation is claimed.
time_offset_proxy,000003,,,-2,,,,,,0,0,0,Proxy simulation using adjacent KITTI frames; no IMU/ego-motion compensation is claimed.
time_offset_proxy,000003,,,-1,,,,,,0,0,0,Proxy simulation using adjacent KITTI frames; no IMU/ego-motion compensation is claimed.
time_offset_proxy,000003,,,0,,,,,,0,0,0,Proxy simulation using adjacent KITTI frames; no IMU/ego-motion compensation is claimed.
time_offset_proxy,000003,,,1,,,,,,0,0,0,Proxy simulation using adjacent KITTI frames; no IMU/ego-motion compensation is claimed.
time_offset_proxy,000003,,,2,,,,,,0,0,17,Proxy simulation using adjacent KITTI frames; no IMU/ego-motion compensation is claimed.
time_offset_proxy,000003,,,3,,,,,,0,0,43,Proxy simulation using adjacent KITTI frames; no IMU/ego-motion compensation is claimed.
time_offset_proxy,000003,,,4,,,,,,0,0,31,Proxy simulation using adjacent KITTI frames; no IMU/ego-motion compensation is claimed.
time_offset_proxy,000003,,,5,,,,,,0,0,32,Proxy simulation using adjacent KITTI frames; no IMU/ego-motion compensation is claimed.
time_offset_proxy,000004,,,-4,,,,,,0,0,0,Proxy simulation using adjacent KITTI frames; no IMU/ego-motion compensation is claimed.
time_offset_proxy,000004,,,-3,,,,,,0,0,0,Proxy simulation using adjacent KITTI frames; no IMU/ego-motion compensation is claimed.
time_offset_proxy,000004,,,-2,,,,,,0,0,0,Proxy simulation using adjacent KITTI frames; no IMU/ego-motion compensation is claimed.
time_offset_proxy,000004,,,-1,,,,,,0,0,0,Proxy simulation using adjacent KITTI frames; no IMU/ego-motion compensation is claimed.
time_offset_proxy,000004,,,0,,,,,,0,0,0,Proxy simulation using adjacent KITTI frames; no IMU/ego-motion compensation is claimed.
time_offset_proxy,000004,,,1,,,,,,0,0,17,Proxy simulation using adjacent KITTI frames; no IMU/ego-motion compensation is claimed.
time_offset_proxy,000004,,,2,,,,,,0,0,43,Proxy simulation using adjacent KITTI frames; no IMU/ego-motion compensation is claimed.
time_offset_proxy,000004,,,3,,,,,,0,0,31,Proxy simulation using adjacent KITTI frames; no IMU/ego-motion compensation is claimed.
time_offset_proxy,000004,,,4,,,,,,0,0,32,Proxy simulation using adjacent KITTI frames; no IMU/ego-motion compensation is claimed.
time_offset_proxy,000004,,,5,,,,,,0,0,19,Proxy simulation using adjacent KITTI frames; no IMU/ego-motion compensation is claimed.
time_offset_proxy,000005,,,-5,,,,,,0,17,0,Proxy simulation using adjacent KITTI frames; no IMU/ego-motion compensation is claimed.
time_offset_proxy,000005,,,-4,,,,,,0,17,0,Proxy simulation using adjacent KITTI frames; no IMU/ego-motion compensation is claimed.
time_offset_proxy,000005,,,-3,,,,,,0,17,0,Proxy simulation using adjacent KITTI frames; no IMU/ego-motion compensation is claimed.
time_offset_proxy,000005,,,-2,,,,,,0,17,0,Proxy simulation using adjacent KITTI frames; no IMU/ego-motion compensation is claimed.
time_offset_proxy,000005,,,-1,,,,,,0,17,0,Proxy simulation using adjacent KITTI frames; no IMU/ego-motion compensation is claimed.
time_offset_proxy,000005,,,0,,,,,0.0,0,17,17,Proxy simulation using adjacent KITTI frames; no IMU/ego-motion compensation is claimed.
time_offset_proxy,000005,,,1,,,,,5.75740908279336,16,17,43,Proxy simulation using adjacent KITTI frames; no IMU/ego-motion compensation is claimed.
time_offset_proxy,000005,,,2,,,,,6.7077294248006485,15,17,31,Proxy simulation using adjacent KITTI frames; no IMU/ego-motion compensation is claimed.
time_offset_proxy,000005,,,3,,,,,8.385253082971776,16,17,32,Proxy simulation using adjacent KITTI frames; no IMU/ego-motion compensation is claimed.
time_offset_proxy,000005,,,4,,,,,8.69226466918606,16,17,19,Proxy simulation using adjacent KITTI frames; no IMU/ego-motion compensation is claimed.
time_offset_proxy,000005,,,5,,,,,5.325046220987022,13,17,48,Proxy simulation using adjacent KITTI frames; no IMU/ego-motion compensation is claimed.
time_offset_proxy,000006,,,-5,,,,,,0,43,0,Proxy simulation using adjacent KITTI frames; no IMU/ego-motion compensation is claimed.
time_offset_proxy,000006,,,-4,,,,,,0,43,0,Proxy simulation using adjacent KITTI frames; no IMU/ego-motion compensation is claimed.
time_offset_proxy,000006,,,-3,,,,,,0,43,0,Proxy simulation using adjacent KITTI frames; no IMU/ego-motion compensation is claimed.
time_offset_proxy,000006,,,-2,,,,,,0,43,0,Proxy simulation using adjacent KITTI frames; no IMU/ego-motion compensation is claimed.
time_offset_proxy,000006,,,-1,,,,,11.956079958594586,42,43,17,Proxy simulation using adjacent KITTI frames; no IMU/ego-motion compensation is claimed.
time_offset_proxy,000006,,,0,,,,,0.0,0,43,43,Proxy simulation using adjacent KITTI frames; no IMU/ego-motion compensation is claimed.
time_offset_proxy,000006,,,1,,,,,7.844963378891364,41,43,31,Proxy simulation using adjacent KITTI frames; no IMU/ego-motion compensation is claimed.
time_offset_proxy,000006,,,2,,,,,14.708877112302138,40,43,32,Proxy simulation using adjacent KITTI frames; no IMU/ego-motion compensation is claimed.
time_offset_proxy,000006,,,3,,,,,10.462722102672627,40,43,19,Proxy simulation using adjacent KITTI frames; no IMU/ego-motion compensation is claimed.
time_offset_proxy,000006,,,4,,,,,5.544073124453835,39,43,48,Proxy simulation using adjacent KITTI frames; no IMU/ego-motion compensation is claimed.
time_offset_proxy,000006,,,5,,,,,8.607099609419366,36,43,46,Proxy simulation using adjacent KITTI frames; no IMU/ego-motion compensation is claimed.
time_offset_proxy,000007,,,-5,,,,,,0,31,0,Proxy simulation using adjacent KITTI frames; no IMU/ego-motion compensation is claimed.
time_offset_proxy,000007,,,-4,,,,,,0,31,0,Proxy simulation using adjacent KITTI frames; no IMU/ego-motion compensation is claimed.
time_offset_proxy,000007,,,-3,,,,,,0,31,0,Proxy simulation using adjacent KITTI frames; no IMU/ego-motion compensation is claimed.
time_offset_proxy,000007,,,-2,,,,,11.700989458200647,29,31,17,Proxy simulation using adjacent KITTI frames; no IMU/ego-motion compensation is claimed.
time_offset_proxy,000007,,,-1,,,,,6.76663919933067,29,31,43,Proxy simulation using adjacent KITTI frames; no IMU/ego-motion compensation is claimed.
time_offset_proxy,000007,,,0,,,,,0.0,0,31,31,Proxy simulation using adjacent KITTI frames; no IMU/ego-motion compensation is claimed.
time_offset_proxy,000007,,,1,,,,,15.528157709255652,30,31,32,Proxy simulation using adjacent KITTI frames; no IMU/ego-motion compensation is claimed.
time_offset_proxy,000007,,,2,,,,,9.033215676955278,29,31,19,Proxy simulation using adjacent KITTI frames; no IMU/ego-motion compensation is claimed.
time_offset_proxy,000007,,,3,,,,,5.80242829146837,24,31,48,Proxy simulation using adjacent KITTI frames; no IMU/ego-motion compensation is claimed.
time_offset_proxy,000007,,,4,,,,,8.25265968887785,29,31,46,Proxy simulation using adjacent KITTI frames; no IMU/ego-motion compensation is claimed.
time_offset_proxy,000007,,,5,,,,,7.4988554233189495,30,31,21,Proxy simulation using adjacent KITTI frames; no IMU/ego-motion compensation is claimed.
time_offset_proxy,000008,,,-5,,,,,,0,32,0,Proxy simulation using adjacent KITTI frames; no IMU/ego-motion compensation is claimed.
time_offset_proxy,000008,,,-4,,,,,,0,32,0,Proxy simulation using adjacent KITTI frames; no IMU/ego-motion compensation is claimed.
time_offset_proxy,000008,,,-3,,,,,7.866907469245458,31,32,17,Proxy simulation using adjacent KITTI frames; no IMU/ego-motion compensation is claimed.
time_offset_proxy,000008,,,-2,,,,,7.03173624341622,29,32,43,Proxy simulation using adjacent KITTI frames; no IMU/ego-motion compensation is claimed.
time_offset_proxy,000008,,,-1,,,,,9.063023308228697,31,32,31,Proxy simulation using adjacent KITTI frames; no IMU/ego-motion compensation is claimed.
time_offset_proxy,000008,,,0,,,,,0.0,0,32,32,Proxy simulation using adjacent KITTI frames; no IMU/ego-motion compensation is claimed.
time_offset_proxy,000008,,,1,,,,,7.442388865411017,29,32,19,Proxy simulation using adjacent KITTI frames; no IMU/ego-motion compensation is claimed.
time_offset_proxy,000008,,,2,,,,,3.7866055160628784,29,32,48,Proxy simulation using adjacent KITTI frames; no IMU/ego-motion compensation is claimed.
time_offset_proxy,000008,,,3,,,,,4.273308482928838,26,32,46,Proxy simulation using adjacent KITTI frames; no IMU/ego-motion compensation is claimed.
time_offset_proxy,000008,,,4,,,,,5.824605857406214,30,32,21,Proxy simulation using adjacent KITTI frames; no IMU/ego-motion compensation is claimed.
time_offset_proxy,000008,,,5,,,,,4.514105554030348,28,32,44,Proxy simulation using adjacent KITTI frames; no IMU/ego-motion compensation is claimed.
time_offset_proxy,000009,,,-5,,,,,,0,19,0,Proxy simulation using adjacent KITTI frames; no IMU/ego-motion compensation is claimed.
time_offset_proxy,000009,,,-4,,,,,12.026588504153523,18,19,17,Proxy simulation using adjacent KITTI frames; no IMU/ego-motion compensation is claimed.
time_offset_proxy,000009,,,-3,,,,,8.748951451989473,16,19,43,Proxy simulation using adjacent KITTI frames; no IMU/ego-motion compensation is claimed.
time_offset_proxy,000009,,,-2,,,,,10.069344166651303,17,19,31,Proxy simulation using adjacent KITTI frames; no IMU/ego-motion compensation is claimed.
time_offset_proxy,000009,,,-1,,,,,14.199782122653971,17,19,32,Proxy simulation using adjacent KITTI frames; no IMU/ego-motion compensation is claimed.
time_offset_proxy,000009,,,0,,,,,0.0,0,19,19,Proxy simulation using adjacent KITTI frames; no IMU/ego-motion compensation is claimed.
time_offset_proxy,000009,,,1,,,,,6.537526437421246,16,19,48,Proxy simulation using adjacent KITTI frames; no IMU/ego-motion compensation is claimed.
time_offset_proxy,000009,,,2,,,,,8.567715795142263,18,19,46,Proxy simulation using adjacent KITTI frames; no IMU/ego-motion compensation is claimed.
time_offset_proxy,000009,,,3,,,,,8.953984703971795,19,19,21,Proxy simulation using adjacent KITTI frames; no IMU/ego-motion compensation is claimed.
time_offset_proxy,000009,,,4,,,,,9.959899882121125,16,19,44,Proxy simulation using adjacent KITTI frames; no IMU/ego-motion compensation is claimed.
time_offset_proxy,000009,,,5,,,,,10.045676711755398,17,19,56,Proxy simulation using adjacent KITTI frames; no IMU/ego-motion compensation is claimed.
time_offset_proxy,000010,,,-5,,,,,11.308419485512845,44,48,17,Proxy simulation using adjacent KITTI frames; no IMU/ego-motion compensation is claimed.
time_offset_proxy,000010,,,-4,,,,,6.630949360191475,43,48,43,Proxy simulation using adjacent KITTI frames; no IMU/ego-motion compensation is claimed.
time_offset_proxy,000010,,,-3,,,,,8.069031446057403,41,48,31,Proxy simulation using adjacent KITTI frames; no IMU/ego-motion compensation is claimed.
time_offset_proxy,000010,,,-2,,,,,11.06656379251993,45,48,32,Proxy simulation using adjacent KITTI frames; no IMU/ego-motion compensation is claimed.
time_offset_proxy,000010,,,-1,,,,,8.66518588049073,45,48,19,Proxy simulation using adjacent KITTI frames; no IMU/ego-motion compensation is claimed.
time_offset_proxy,000010,,,0,,,,,0.0,0,48,48,Proxy simulation using adjacent KITTI frames; no IMU/ego-motion compensation is claimed.
time_offset_proxy,000010,,,1,,,,,7.277928437999911,42,48,46,Proxy simulation using adjacent KITTI frames; no IMU/ego-motion compensation is claimed.
time_offset_proxy,000010,,,2,,,,,6.900025163428418,46,48,21,Proxy simulation using adjacent KITTI frames; no IMU/ego-motion compensation is claimed.
time_offset_proxy,000010,,,3,,,,,7.799887880816224,43,48,44,Proxy simulation using adjacent KITTI frames; no IMU/ego-motion compensation is claimed.
time_offset_proxy,000010,,,4,,,,,6.671730948355532,36,48,56,Proxy simulation using adjacent KITTI frames; no IMU/ego-motion compensation is claimed.
time_offset_proxy,000010,,,5,,,,,10.771105799916198,40,48,64,Proxy simulation using adjacent KITTI frames; no IMU/ego-motion compensation is claimed.
time_offset_proxy,000011,,,-5,,,,,6.0641236258234565,40,46,43,Proxy simulation using adjacent KITTI frames; no IMU/ego-motion compensation is claimed.
time_offset_proxy,000011,,,-4,,,,,7.98778853190627,44,46,31,Proxy simulation using adjacent KITTI frames; no IMU/ego-motion compensation is claimed.
time_offset_proxy,000011,,,-3,,,,,6.138376035329767,39,46,32,Proxy simulation using adjacent KITTI frames; no IMU/ego-motion compensation is claimed.
time_offset_proxy,000011,,,-2,,,,,7.04923912374799,44,46,19,Proxy simulation using adjacent KITTI frames; no IMU/ego-motion compensation is claimed.
time_offset_proxy,000011,,,-1,,,,,3.9322508097896276,40,46,48,Proxy simulation using adjacent KITTI frames; no IMU/ego-motion compensation is claimed.
time_offset_proxy,000011,,,0,,,,,0.0,0,46,46,Proxy simulation using adjacent KITTI frames; no IMU/ego-motion compensation is claimed.
time_offset_proxy,000011,,,1,,,,,6.1752812715779575,44,46,21,Proxy simulation using adjacent KITTI frames; no IMU/ego-motion compensation is claimed.
time_offset_proxy,000011,,,2,,,,,4.917741271726514,38,46,44,Proxy simulation using adjacent KITTI frames; no IMU/ego-motion compensation is claimed.
time_offset_proxy,000011,,,3,,,,,4.2596076623549735,32,46,56,Proxy simulation using adjacent KITTI frames; no IMU/ego-motion compensation is claimed.
time_offset_proxy,000011,,,4,,,,,5.332116834808031,32,46,64,Proxy simulation using adjacent KITTI frames; no IMU/ego-motion compensation is claimed.
time_offset_proxy,000011,,,5,,,,,6.370290969035126,44,46,33,Proxy simulation using adjacent KITTI frames; no IMU/ego-motion compensation is claimed.
time_offset_proxy,000012,,,-5,,,,,9.477109845906918,20,21,31,Proxy simulation using adjacent KITTI frames; no IMU/ego-motion compensation is claimed.
time_offset_proxy,000012,,,-4,,,,,12.310275007108658,19,21,32,Proxy simulation using adjacent KITTI frames; no IMU/ego-motion compensation is claimed.
time_offset_proxy,000012,,,-3,,,,,8.681127189784487,21,21,19,Proxy simulation using adjacent KITTI frames; no IMU/ego-motion compensation is claimed.
time_offset_proxy,000012,,,-2,,,,,5.452507918730688,19,21,48,Proxy simulation using adjacent KITTI frames; no IMU/ego-motion compensation is claimed.
time_offset_proxy,000012,,,-1,,,,,9.55761222496703,19,21,46,Proxy simulation using adjacent KITTI frames; no IMU/ego-motion compensation is claimed.
time_offset_proxy,000012,,,0,,,,,0.0,0,21,21,Proxy simulation using adjacent KITTI frames; no IMU/ego-motion compensation is claimed.
time_offset_proxy,000012,,,1,,,,,7.233520390395272,18,21,44,Proxy simulation using adjacent KITTI frames; no IMU/ego-motion compensation is claimed.
time_offset_proxy,000012,,,2,,,,,8.175854236500147,19,21,56,Proxy simulation using adjacent KITTI frames; no IMU/ego-motion compensation is claimed.
time_offset_proxy,000012,,,3,,,,,8.450481076244646,19,21,64,Proxy simulation using adjacent KITTI frames; no IMU/ego-motion compensation is claimed.
time_offset_proxy,000012,,,4,,,,,7.7659858104360975,18,21,33,Proxy simulation using adjacent KITTI frames; no IMU/ego-motion compensation is claimed.
time_offset_proxy,000012,,,5,,,,,5.61169394869508,16,21,26,Proxy simulation using adjacent KITTI frames; no IMU/ego-motion compensation is claimed.
time_offset_proxy,000013,,,-5,,,,,5.801914418698656,40,44,32,Proxy simulation using adjacent KITTI frames; no IMU/ego-motion compensation is claimed.
time_offset_proxy,000013,,,-4,,,,,8.72861437279562,41,44,19,Proxy simulation using adjacent KITTI frames; no IMU/ego-motion compensation is claimed.
time_offset_proxy,000013,,,-3,,,,,3.844791796190229,34,44,48,Proxy simulation using adjacent KITTI frames; no IMU/ego-motion compensation is claimed.
time_offset_proxy,000013,,,-2,,,,,4.644390772348401,35,44,46,Proxy simulation using adjacent KITTI frames; no IMU/ego-motion compensation is claimed.
time_offset_proxy,000013,,,-1,,,,,4.670257147791387,38,44,21,Proxy simulation using adjacent KITTI frames; no IMU/ego-motion compensation is claimed.
time_offset_proxy,000013,,,0,,,,,0.0,0,44,44,Proxy simulation using adjacent KITTI frames; no IMU/ego-motion compensation is claimed.
time_offset_proxy,000013,,,1,,,,,3.9878026293055884,26,44,56,Proxy simulation using adjacent KITTI frames; no IMU/ego-motion compensation is claimed.
time_offset_proxy,000013,,,2,,,,,4.525761796532668,31,44,64,Proxy simulation using adjacent KITTI frames; no IMU/ego-motion compensation is claimed.
time_offset_proxy,000013,,,3,,,,,8.150356569035921,40,44,33,Proxy simulation using adjacent KITTI frames; no IMU/ego-motion compensation is claimed.
time_offset_proxy,000013,,,4,,,,,5.731244009143512,38,44,26,Proxy simulation using adjacent KITTI frames; no IMU/ego-motion compensation is claimed.
time_offset_proxy,000013,,,5,,,,,7.057853667683452,41,44,32,Proxy simulation using adjacent KITTI frames; no IMU/ego-motion compensation is claimed.
time_offset_proxy,000014,,,-5,,,,,7.4883487683573815,54,56,19,Proxy simulation using adjacent KITTI frames; no IMU/ego-motion compensation is claimed.
time_offset_proxy,000014,,,-4,,,,,3.9107642485308998,42,56,48,Proxy simulation using adjacent KITTI frames; no IMU/ego-motion compensation is claimed.
time_offset_proxy,000014,,,-3,,,,,5.13789154536273,42,56,46,Proxy simulation using adjacent KITTI frames; no IMU/ego-motion compensation is claimed.
time_offset_proxy,000014,,,-2,,,,,5.383700545603783,54,56,21,Proxy simulation using adjacent KITTI frames; no IMU/ego-motion compensation is claimed.
time_offset_proxy,000014,,,-1,,,,,4.552263496374005,39,56,44,Proxy simulation using adjacent KITTI frames; no IMU/ego-motion compensation is claimed.
time_offset_proxy,000014,,,0,,,,,0.0,0,56,56,Proxy simulation using adjacent KITTI frames; no IMU/ego-motion compensation is claimed.
time_offset_proxy,000014,,,1,,,,,7.632770001484567,45,56,64,Proxy simulation using adjacent KITTI frames; no IMU/ego-motion compensation is claimed.
time_offset_proxy,000014,,,2,,,,,8.098647668320973,54,56,33,Proxy simulation using adjacent KITTI frames; no IMU/ego-motion compensation is claimed.
time_offset_proxy,000014,,,3,,,,,6.188431659225841,54,56,26,Proxy simulation using adjacent KITTI frames; no IMU/ego-motion compensation is claimed.
time_offset_proxy,000014,,,4,,,,,6.8887478597644725,50,56,32,Proxy simulation using adjacent KITTI frames; no IMU/ego-motion compensation is claimed.
time_offset_proxy,000014,,,5,,,,,5.6659086790130635,47,56,37,Proxy simulation using adjacent KITTI frames; no IMU/ego-motion compensation is claimed.
time_offset_proxy,000015,,,-5,,,,,3.9278666226578305,54,64,48,Proxy simulation using adjacent KITTI frames; no IMU/ego-motion compensation is claimed.
time_offset_proxy,000015,,,-4,,,,,3.9091416954876923,43,64,46,Proxy simulation using adjacent KITTI frames; no IMU/ego-motion compensation is claimed.
time_offset_proxy,000015,,,-3,,,,,5.911837185436266,60,64,21,Proxy simulation using adjacent KITTI frames; no IMU/ego-motion compensation is claimed.
time_offset_proxy,000015,,,-2,,,,,4.9117134091063885,47,64,44,Proxy simulation using adjacent KITTI frames; no IMU/ego-motion compensation is claimed.
time_offset_proxy,000015,,,-1,,,,,5.393689784289194,51,64,56,Proxy simulation using adjacent KITTI frames; no IMU/ego-motion compensation is claimed.
time_offset_proxy,000015,,,0,,,,,0.0,0,64,64,Proxy simulation using adjacent KITTI frames; no IMU/ego-motion compensation is claimed.
time_offset_proxy,000015,,,1,,,,,5.537907844586714,59,64,33,Proxy simulation using adjacent KITTI frames; no IMU/ego-motion compensation is claimed.
time_offset_proxy,000015,,,2,,,,,7.201051775172747,59,64,26,Proxy simulation using adjacent KITTI frames; no IMU/ego-motion compensation is claimed.
time_offset_proxy,000015,,,3,,,,,7.745267435089465,59,64,32,Proxy simulation using adjacent KITTI frames; no IMU/ego-motion compensation is claimed.
time_offset_proxy,000015,,,4,,,,,5.569518132922316,47,64,37,Proxy simulation using adjacent KITTI frames; no IMU/ego-motion compensation is claimed.
time_offset_proxy,000016,,,-5,,,,,9.549235085671553,31,33,46,Proxy simulation using adjacent KITTI frames; no IMU/ego-motion compensation is claimed.
time_offset_proxy,000016,,,-4,,,,,9.179302800383132,31,33,21,Proxy simulation using adjacent KITTI frames; no IMU/ego-motion compensation is claimed.
time_offset_proxy,000016,,,-3,,,,,9.976986319602839,29,33,44,Proxy simulation using adjacent KITTI frames; no IMU/ego-motion compensation is claimed.
time_offset_proxy,000016,,,-2,,,,,7.212878364135159,31,33,56,Proxy simulation using adjacent KITTI frames; no IMU/ego-motion compensation is claimed.
time_offset_proxy,000016,,,-1,,,,,11.602809571043148,28,33,64,Proxy simulation using adjacent KITTI frames; no IMU/ego-motion compensation is claimed.
time_offset_proxy,000016,,,0,,,,,0.0,0,33,33,Proxy simulation using adjacent KITTI frames; no IMU/ego-motion compensation is claimed.
time_offset_proxy,000016,,,1,,,,,8.685454118329945,29,33,26,Proxy simulation using adjacent KITTI frames; no IMU/ego-motion compensation is claimed.
time_offset_proxy,000016,,,2,,,,,9.169790878328609,30,33,32,Proxy simulation using adjacent KITTI frames; no IMU/ego-motion compensation is claimed.
time_offset_proxy,000016,,,3,,,,,7.750322145517126,30,33,37,Proxy simulation using adjacent KITTI frames; no IMU/ego-motion compensation is claimed.
time_offset_proxy,000017,,,-5,,,,,5.886299283101549,22,26,21,Proxy simulation using adjacent KITTI frames; no IMU/ego-motion compensation is claimed.
time_offset_proxy,000017,,,-4,,,,,7.838656088625589,20,26,44,Proxy simulation using adjacent KITTI frames; no IMU/ego-motion compensation is claimed.
time_offset_proxy,000017,,,-3,,,,,8.389777281758281,24,26,56,Proxy simulation using adjacent KITTI frames; no IMU/ego-motion compensation is claimed.
time_offset_proxy,000017,,,-2,,,,,10.44161743638092,23,26,64,Proxy simulation using adjacent KITTI frames; no IMU/ego-motion compensation is claimed.
time_offset_proxy,000017,,,-1,,,,,7.5640814763111885,22,26,33,Proxy simulation using adjacent KITTI frames; no IMU/ego-motion compensation is claimed.
time_offset_proxy,000017,,,0,,,,,0.0,0,26,26,Proxy simulation using adjacent KITTI frames; no IMU/ego-motion compensation is claimed.
time_offset_proxy,000017,,,1,,,,,9.038030021634249,23,26,32,Proxy simulation using adjacent KITTI frames; no IMU/ego-motion compensation is claimed.
time_offset_proxy,000017,,,2,,,,,10.052312698835381,23,26,37,Proxy simulation using adjacent KITTI frames; no IMU/ego-motion compensation is claimed.
time_offset_proxy,000018,,,-5,,,,,11.905145130198147,29,32,44,Proxy simulation using adjacent KITTI frames; no IMU/ego-motion compensation is claimed.
time_offset_proxy,000018,,,-4,,,,,7.59638547247758,24,32,56,Proxy simulation using adjacent KITTI frames; no IMU/ego-motion compensation is claimed.
time_offset_proxy,000018,,,-3,,,,,18.062379557046697,28,32,64,Proxy simulation using adjacent KITTI frames; no IMU/ego-motion compensation is claimed.
time_offset_proxy,000018,,,-2,,,,,8.124907847478703,29,32,33,Proxy simulation using adjacent KITTI frames; no IMU/ego-motion compensation is claimed.
time_offset_proxy,000018,,,-1,,,,,9.057832264508177,29,32,26,Proxy simulation using adjacent KITTI frames; no IMU/ego-motion compensation is claimed.
time_offset_proxy,000018,,,0,,,,,0.0,0,32,32,Proxy simulation using adjacent KITTI frames; no IMU/ego-motion compensation is claimed.
time_offset_proxy,000018,,,1,,,,,15.440721241022269,31,32,37,Proxy simulation using adjacent KITTI frames; no IMU/ego-motion compensation is claimed.
time_offset_proxy,000019,,,-5,,,,,3.948788567335555,30,37,56,Proxy simulation using adjacent KITTI frames; no IMU/ego-motion compensation is claimed.
time_offset_proxy,000019,,,-4,,,,,8.75600845174745,24,37,64,Proxy simulation using adjacent KITTI frames; no IMU/ego-motion compensation is claimed.
time_offset_proxy,000019,,,-3,,,,,5.97907891286423,34,37,33,Proxy simulation using adjacent KITTI frames; no IMU/ego-motion compensation is claimed.
time_offset_proxy,000019,,,-2,,,,,6.176375672047469,32,37,26,Proxy simulation using adjacent KITTI frames; no IMU/ego-motion compensation is claimed.
time_offset_proxy,000019,,,-1,,,,,7.5287381661470505,36,37,32,Proxy simulation using adjacent KITTI frames; no IMU/ego-motion compensation is claimed.
time_offset_proxy,000019,,,0,,,,,0.0,0,37,37,Proxy simulation using adjacent KITTI frames; no IMU/ego-motion compensation is claimed.
