frame_id,predicted_box_count,point_count,online_total_ms,perturbation_value
000001,27,120268,943.8902200054144,0.00
000002,17,126891,19.328173002577387,0.00
000004,28,115976,10.183143996982835,0.00
000005,17,125086,15.552087003015913,0.00
000006,43,110089,9.815249999519438,0.00
000008,32,122555,9.478143008891493,0.00
000015,64,122583,9.75828300579451,0.00
000019,37,115697,9.974808010156266,0.00
000020,37,126456,10.702454994316213,0.00
000021,28,125260,10.055496008135378,0.00
000023,27,120412,10.756545001640916,0.00
000024,19,126730,10.130740993190557,0.00
000025,41,115780,9.067289007361978,0.00
000027,19,120641,11.59224400180392,0.00
000028,31,115042,11.370177991921082,0.00
000031,21,121291,9.531043993774801,0.00
000033,14,109347,10.219650008366443,0.00
000035,43,121784,9.43921999714803,0.00
000037,13,113159,10.814053996000439,0.00
000039,13,111670,9.640700998716056,0.00
000040,36,124439,10.876475993427448,0.00
000042,25,122897,10.839056005352177,0.00
000047,20,121097,10.549061000347137,0.00
000048,78,122675,10.510499007068574,0.00
000050,26,108348,11.160050999023952,0.00
000052,56,118649,12.852853004005738,0.00
000053,19,123279,10.742983999080025,0.00
000058,27,115052,9.267440007533878,0.00
000059,30,120590,11.97298799525015,0.00
000061,22,125247,13.36831100343261,0.00
000062,27,121294,11.58426099573262,0.00
000063,22,119796,8.512949993018992,0.00
000065,24,123141,9.561755010508932,0.00
000066,25,119643,13.439546994050033,0.00
000076,44,114380,8.7260299915215,0.00
000077,24,119545,9.133323997957632,0.00
000078,25,118194,8.920174004742876,0.00
000081,17,119980,18.782447994453833,0.00
000089,33,123986,12.650349992327392,0.00
000090,47,125168,11.41784799983725,0.00
000093,32,116915,10.22938100504689,0.00
000094,10,126676,10.098976999870501,0.00
000098,22,117962,9.663995006121695,0.00
000102,45,126177,9.841374994721264,0.00
000104,16,121994,10.82764400052838,0.00
000106,53,119514,11.619558004895225,0.00
000107,24,103344,8.733919996302575,0.00
000108,14,105640,10.014446001150645,0.00
000116,26,110550,10.689154005376622,0.00
000117,58,115662,10.641852000844665,0.00
000118,29,122121,9.618254989618436,0.00
000122,20,111216,9.851893002633005,0.00
000124,39,124656,10.199120995821431,0.00
000126,22,126497,10.074448000523262,0.00
000128,25,108800,12.721324994345196,0.00
000132,12,121878,10.490162996575236,0.00
000134,64,122637,11.162439986946993,0.00
000135,46,119800,11.637200994300656,0.00
000137,25,121102,11.529014998814091,0.00
000139,8,121716,15.195642001344822,0.00
000140,22,115810,9.57293999090325,0.00
000143,28,120972,14.188793007633649,0.00
000147,32,124936,9.527732996502891,0.00
000151,59,115174,10.053591991891153,0.00
000152,27,122560,10.253166998154484,0.00
000153,28,124343,9.673752007074654,0.00
000156,27,125504,10.103131993673742,0.00
000159,28,116755,12.54475800669752,0.00
000161,69,114671,11.790981006924994,0.00
000167,21,117744,10.976313991704956,0.00
000168,35,121701,10.594024002784863,0.00
000169,47,114972,14.932167003280483,0.00
000170,18,120599,10.005887001170777,0.00
000173,34,121596,9.426054006326012,0.00
000174,37,126405,10.614743994665332,0.00
000175,29,123575,9.30750100815203,0.00
000181,46,119103,11.389926003175788,0.00
000182,26,123969,10.28873999894131,0.00
000183,20,116877,9.071210995898582,0.00
000186,29,111876,9.721149996039458,0.00
000187,15,125038,10.996379001880996,0.00
000188,18,124935,9.412818006239831,0.00
000190,42,121083,12.453741001081653,0.00
000191,22,118567,12.610169011168182,0.00
000192,21,121728,10.002360009821132,0.00
000194,19,125073,10.413795011118054,0.00
000195,22,118242,11.217057006433606,0.00
000196,36,125815,10.096214988152497,0.00
000197,38,120745,16.60180601174943,0.00
000199,25,115079,11.523641995154321,0.00
000201,28,106919,11.866636996273883,0.00
000203,13,104189,11.716966997482814,0.00
000204,14,122069,17.161907991976477,0.00
000207,49,116173,12.184293998870999,0.00
000211,22,118847,11.207380011910573,0.00
000212,29,121947,10.084610999911092,0.00
000213,57,119931,10.634629987180233,0.00
000216,27,122676,10.455305993673392,0.00
000218,24,112537,9.96509900141973,0.00
000223,10,110030,11.834584991447628,0.00
000224,22,122417,12.01464699988719,0.00
000226,70,120232,12.593474995810539,0.00
000229,20,123640,11.535707002622075,0.00
000230,25,114321,15.891781004029326,0.00
000231,22,122218,10.936064994893968,0.00
000234,38,114627,11.139447000459768,0.00
000235,24,121847,11.275712997303344,0.00
000236,24,108204,11.91804200061597,0.00
000237,24,119003,9.774922000360675,0.00
000239,26,125045,17.547274008393288,0.00
000242,39,123785,12.141996994614601,0.00
000246,20,117950,11.942873999942094,0.00
000247,32,124192,12.895620995550416,0.00
000248,31,121189,10.424872001749463,0.00
000249,19,119985,9.654508001403883,0.00
000250,22,125755,9.129302998189814,0.00
000251,46,124273,9.059641000931151,0.00
000252,18,125538,10.959423001622781,0.00
000260,18,112742,11.828649003291503,0.00
000262,32,105709,10.972556003252976,0.00
000263,30,114977,11.161659000208601,0.00
000265,26,115478,11.517912003910169,0.00
000266,26,116908,8.733303009648807,0.00
000268,16,108223,11.073540008510463,0.00
000269,43,125243,11.211955003091134,0.00
000270,23,122550,10.317824999219738,0.00
000272,19,114463,11.858501005917788,0.00
000273,45,109641,11.699989991029724,0.00
000278,27,126588,11.692020008922555,0.00
000279,24,123428,11.784640999394469,0.00
000281,17,120550,11.475434002932161,0.00
000283,26,124828,13.472628997988068,0.00
000284,45,120418,10.755937997600995,0.00
000289,13,126780,11.112289008451626,0.00
000290,27,114984,10.406777000753209,0.00
000291,43,125860,11.043853999581188,0.00
000293,22,126025,9.786480004549958,0.00
000297,27,123563,10.688706999644637,0.00
000301,17,112862,9.09784299437888,0.00
000302,47,112181,9.902987003442831,0.00
000305,42,110085,10.194132002652623,0.00
000307,24,120407,10.930810996796936,0.00
000308,48,123961,9.90500500483904,0.00
000309,11,120610,9.939704992575571,0.00
000311,19,122067,9.988347999751568,0.00
000312,22,120560,10.1366080052685,0.00
000314,24,125338,11.49628400162328,0.00
000315,31,121445,9.842737999861129,0.00
000319,32,119813,10.152817005291581,0.00
000320,22,124941,10.265258999424987,0.00
000321,22,124269,9.194822996505536,0.00
000323,36,118837,9.867890999885276,0.00
000324,26,123436,11.742554997908883,0.00
000327,28,125770,10.162527003558353,0.00
000328,31,112873,15.542146997177042,0.00
000329,52,120095,11.775046994443983,0.00
000332,56,122542,11.237354003242217,0.00
000333,51,114917,11.478104002890177,0.00
000335,29,120774,10.331224999390543,0.00
000336,81,123282,12.272642008611001,0.00
000340,29,125406,12.07619599881582,0.00
000341,37,124062,9.991105005610734,0.00
000343,15,124629,9.692257997812703,0.00
000345,23,121622,10.270490995026194,0.00
000346,31,120222,9.719088993733749,0.00
000347,15,112701,9.949496001354419,0.00
000350,35,116999,18.787099004839547,0.00
000351,20,121344,10.018870001658797,0.00
000352,21,118421,9.841514998697676,0.00
000354,37,117883,10.146455999347381,0.00
000355,27,121311,16.99329099210445,0.00
000356,30,125688,9.60436298919376,0.00
000357,22,116680,10.946060996502638,0.00
000359,7,122410,9.886005995213054,0.00
000360,20,117496,11.645531994872727,0.00
000361,46,115027,10.816252994118258,0.00
000362,20,117543,9.225689995219,0.00
000365,27,115147,9.709047997603193,0.00
000366,55,123925,10.63952999538742,0.00
000369,23,118461,11.896264011738822,0.00
000370,57,122361,12.187599000753835,0.00
000372,21,121312,10.28475200291723,0.00
000373,41,115709,11.634554000920616,0.00
000376,43,121842,9.72725600877311,0.00
000377,24,120010,9.203266992699355,0.00
000378,22,123060,11.439796988270245,0.00
000379,22,118718,10.900973997195251,0.00
000381,26,112899,11.115019005956128,0.00
000382,45,115441,11.81540300603956,0.00
000383,58,121647,13.923657999839634,0.00
000385,15,117458,9.034271002747118,0.00
000386,21,117922,10.048348005511798,0.00
000388,25,117697,12.136607998399995,0.00
000391,16,119460,10.295936997863464,0.00
000392,47,119323,9.779882995644584,0.00
000393,39,115539,10.217670002020895,0.00
000394,22,119643,11.005469990777783,0.00
000395,39,115365,11.27673199516721,0.00
000396,32,126229,11.188579999725334,0.00
000397,53,117837,12.275793997105211,0.00
000001,23,114390,703.1844190059928,0.05
000002,20,120505,8.532444000593387,0.05
000004,23,110175,13.479563989676535,0.05
000005,14,118709,14.293843996711075,0.05
000006,44,104393,10.418190999189392,0.05
000008,32,116450,11.517271006596275,0.05
000015,57,116346,9.448891010833904,0.05
000019,35,109804,15.42055798927322,0.05
000020,38,120106,11.013512004865333,0.05
000021,26,118951,11.097320995759219,0.05
000023,28,114446,14.090808006585576,0.05
000024,18,120289,10.491346009075642,0.05
000025,40,109948,10.436469005071558,0.05
000027,16,114550,13.253682991489768,0.05
000028,32,109240,10.522404991206713,0.05
000031,23,115123,9.601997007848695,0.05
000033,13,103842,14.044955998542719,0.05
000035,41,115696,10.380983992945403,0.05
000037,13,107545,10.34466500277631,0.05
000039,14,106044,10.847876008483581,0.05
000040,35,118232,11.367569008143619,0.05
000042,24,116726,12.642151006730273,0.05
000047,19,115146,12.326356998528354,0.05
000048,75,116526,9.635384005378,0.05
000050,26,102990,10.55900999926962,0.05
000052,51,112630,15.850910000153817,0.05
000053,18,117115,10.23403300496284,0.05
000058,26,109244,12.229601008584723,0.05
000059,27,114571,12.219470998388715,0.05
000061,22,118926,11.85433700447902,0.05
000062,25,115227,12.838357011787593,0.05
000063,19,113716,9.057236995431595,0.05
000065,23,116992,11.43367298936937,0.05
000066,26,113665,10.450296002090909,0.05
000076,45,108580,9.326568004325964,0.05
000077,22,113651,9.760615997947752,0.05
000078,25,112302,15.778781002154574,0.05
000081,19,114089,10.496550996322185,0.05
000089,31,117869,9.439367000595666,0.05
000090,47,118921,11.238942999625579,0.05
000093,33,111143,12.008324003545567,0.05
000094,11,120480,9.745750998263247,0.05
000098,21,112068,9.38535800378304,0.05
000102,44,119887,10.25968001340516,0.05
000104,15,115986,9.853759009274654,0.05
000106,47,113673,10.622813002555631,0.05
000107,22,98113,9.710065001854673,0.05
000108,13,100224,9.641672993893735,0.05
000116,25,105095,10.00688099884428,0.05
000117,57,109875,12.12266500806436,0.05
000118,31,116101,9.512624994385988,0.05
000122,20,105600,11.846640991279855,0.05
000124,41,118335,10.057036997750401,0.05
000126,22,120102,10.36897899757605,0.05
000128,26,103244,11.628405001829378,0.05
000132,12,115800,12.151553994044662,0.05
000134,57,116637,9.891713998513296,0.05
000135,42,113794,9.50687300064601,0.05
000137,24,115056,13.799213003949262,0.05
000139,7,115661,20.657144996221177,0.05
000140,22,109978,10.981489002006128,0.05
000143,29,114925,13.051664005615748,0.05
000147,31,118682,15.494075007154606,0.05
000151,58,109534,12.240973010193557,0.05
000152,26,116583,9.240800005500205,0.05
000153,28,118073,9.038916003191844,0.05
000156,28,119171,10.444359009852633,0.05
000159,26,110871,13.64806600031443,0.05
000161,63,108876,15.87237199419178,0.05
000167,21,111892,11.290071008261293,0.05
000168,29,115576,11.853402000269853,0.05
000169,48,109193,10.347493996960111,0.05
000170,16,114562,11.065308004617691,0.05
000173,31,115330,16.139311002916656,0.05
000174,35,120116,9.80721801170148,0.05
000175,29,117406,10.50013699568808,0.05
000181,43,113091,13.411092993919738,0.05
000182,27,117727,10.970229996019043,0.05
000183,20,110866,9.142771988990717,0.05
000186,31,106247,11.583049999899231,0.05
000187,14,118666,11.483955997391604,0.05
000188,19,118686,9.80622399947606,0.05
000190,41,114937,12.319544999627396,0.05
000191,21,112536,18.367849988862872,0.05
000192,21,115560,10.615373990731314,0.05
000194,21,118840,9.767632000148296,0.05
000195,21,112281,9.815052995691076,0.05
000196,38,119736,9.668357000919059,0.05
000197,38,114855,10.249401995679364,0.05
000199,25,109297,10.017159002018161,0.05
000201,26,101487,10.651441989466548,0.05
000203,14,99047,11.744048009859398,0.05
000204,13,115915,16.650491001200862,0.05
000207,48,110381,11.079661009716801,0.05
000211,22,112895,9.301276004407555,0.05
000212,28,115770,10.322643007384613,0.05
000213,61,113848,12.30045199918095,0.05
000216,26,116474,11.470732002635486,0.05
000218,24,106800,9.974151995265856,0.05
000223,8,104516,8.86600099329371,0.05
000224,23,116391,11.57226700161118,0.05
000226,70,114152,10.953906996292062,0.05
000229,19,117321,10.212162000243552,0.05
000230,23,108637,16.48483399185352,0.05
000231,21,116013,10.415625001769513,0.05
000234,35,108917,9.359410993056372,0.05
000235,23,115797,11.160996000398882,0.05
000236,24,102757,11.081745993578807,0.05
000237,26,113081,10.930876000202261,0.05
000239,24,118658,9.560752005199902,0.05
000242,36,117553,11.853716991026886,0.05
000246,20,112001,10.563247997197323,0.05
000247,29,117971,11.214283003937453,0.05
000248,32,115109,10.537166002904996,0.05
000249,17,113954,10.53614600095898,0.05
000250,21,119515,10.144731990294531,0.05
000251,47,118091,9.01370300562121,0.05
000252,18,119285,11.45936400280334,0.05
000260,19,107169,11.023400991689414,0.05
000262,33,100402,9.325535997049883,0.05
000263,30,109177,12.918642998556606,0.05
000265,27,109752,11.686932994052768,0.05
000266,27,110988,13.029925001319498,0.05
000268,16,102848,9.877251999569125,0.05
000269,41,118968,11.95573399309069,0.05
000270,23,116477,10.082419001264498,0.05
000272,17,108716,11.676741996780038,0.05
000273,44,104119,11.744991992600262,0.05
000278,22,120168,12.573771004099399,0.05
000279,21,117264,10.923116002231836,0.05
000281,14,114596,11.458954002591781,0.05
000283,23,118646,13.496989995473996,0.05
000284,46,114339,10.41532400995493,0.05
000289,13,120348,10.605671006487682,0.05
000290,29,109228,10.587099008262157,0.05
000291,43,119622,11.00002099701669,0.05
000293,23,119797,8.893099002307281,0.05
000297,25,117321,10.79995599866379,0.05
000301,17,107092,9.414298998308368,0.05
000302,47,106569,9.877713993773796,0.05
000305,40,104565,11.43249099550303,0.05
000307,22,114465,13.743185001658276,0.05
000308,46,117813,10.673996002878994,0.05
000309,10,114554,10.41282300138846,0.05
000311,19,115905,9.898863005219027,0.05
000312,25,114498,10.56698699539993,0.05
000314,25,119189,14.110448988503776,0.05
000315,28,115343,10.753013004432432,0.05
000319,30,113827,11.316257005091757,0.05
000320,20,118703,10.964918998070061,0.05
000321,20,118034,8.937509002862498,0.05
000323,35,112876,10.069709998788312,0.05
000324,26,117229,10.344324997276999,0.05
000327,27,119482,10.173011003644206,0.05
000328,31,107229,10.362847009673715,0.05
000329,50,114091,16.985855996608734,0.05
000332,58,116458,9.568734996719286,0.05
000333,51,109301,12.455877003958449,0.05
000335,26,114618,10.382503998698667,0.05
000336,79,117197,10.800439995364286,0.05
000340,27,119200,10.981794010149315,0.05
000341,38,117858,9.377961003337987,0.05
000343,14,118458,9.75960199139081,0.05
000345,23,115613,9.451088990317658,0.05
000346,29,114149,11.206088995095342,0.05
000347,16,107031,12.504049998824485,0.05
000350,35,111219,12.045395997120067,0.05
000351,21,115315,9.324396989541128,0.05
000352,22,112453,9.788847004529089,0.05
000354,34,112061,11.33171800756827,0.05
000355,29,115149,12.021006987197325,0.05
000356,27,119451,10.48452898976393,0.05
000357,23,110800,12.206048995722085,0.05
000359,6,116371,10.954500001389533,0.05
000360,20,111519,10.480721000931226,0.05
000361,45,109277,12.924415001180023,0.05
000362,20,111572,10.39034100540448,0.05
000365,26,109443,10.998045006999746,0.05
000366,52,117718,11.412491992814466,0.05
000369,24,112645,10.292268998455256,0.05
000370,54,116103,11.982958996668458,0.05
000372,21,115125,9.96505600051023,0.05
000373,38,110039,10.167877990170382,0.05
000376,39,115859,14.3453830096405,0.05
000377,27,113923,19.176902002072893,0.05
000378,22,116966,13.966333994176239,0.05
000379,24,112677,12.389379990054294,0.05
000381,24,107197,11.252315001911484,0.05
000382,43,109785,12.505971011705697,0.05
000383,60,115626,11.467631004052237,0.05
000385,14,111521,10.158987992326729,0.05
000386,20,111950,9.85713500995189,0.05
000388,25,111867,15.482666000025347,0.05
000391,18,113412,10.76325798931066,0.05
000392,47,113249,9.756182000273839,0.05
000393,35,109770,12.039063003612682,0.05
000394,21,113526,11.3402870047139,0.05
000395,40,109592,11.410703998990357,0.05
000396,32,119907,11.376256006769836,0.05
000397,55,111901,12.84719500108622,0.05
000001,25,108362,663.7228379986482,0.10
000002,18,114188,10.781970995594747,0.10
000004,28,104260,13.11872100632172,0.10
000005,18,112675,14.998572005424649,0.10
000006,44,99199,11.26164999732282,0.10
000008,32,110268,10.040105000371113,0.10
000015,63,110456,9.404889002325945,0.10
000019,37,104079,11.943756995606236,0.10
000020,31,113785,9.176923005725257,0.10
000021,28,112811,10.229331004666165,0.10
000023,24,108317,12.018933994113468,0.10
000024,18,114057,10.878066008444875,0.10
000025,40,104156,10.816018999321386,0.10
000027,17,108620,11.736618005670607,0.10
000028,30,103679,9.666062003816478,0.10
000031,22,109237,9.894494010950439,0.10
000033,13,98296,10.938849998638034,0.10
000035,42,109484,10.991647999617271,0.10
000037,12,101870,9.657558010076173,0.10
000039,14,100553,9.535951001453213,0.10
000040,33,111952,10.063895999337547,0.10
000042,20,110629,11.334821989294142,0.10
000047,20,108886,13.26435199007392,0.10
000048,71,110260,10.38211100967601,0.10
000050,23,97436,13.807555005769245,0.10
000052,54,106854,11.947201011935249,0.10
000053,17,111008,9.570563997840509,0.10
000058,24,103665,10.909602002357133,0.10
000059,29,108548,13.708971993764862,0.10
000061,20,112688,11.953327993978746,0.10
000062,24,109213,10.620182001730427,0.10
000063,20,107660,10.149203008040786,0.10
000065,25,110976,9.96698800008744,0.10
000066,22,107627,12.081343986210413,0.10
000076,44,103101,13.496932995622046,0.10
000077,19,107653,10.358597995946184,0.10
000078,30,106519,9.440034002182074,0.10
000081,18,107985,11.460548004833981,0.10
000089,31,111736,9.041859011631459,0.10
000090,48,112649,9.803401990211569,0.10
000093,31,105335,9.714910003822297,0.10
000094,11,114165,10.464635997777805,0.10
000098,20,106340,9.180088993161917,0.10
000102,44,113594,10.83427100093104,0.10
000104,14,109634,11.761175002902746,0.10
000106,49,107594,12.189481989480555,0.10
000107,25,93102,19.21626900730189,0.10
000108,14,95146,9.711360005894676,0.10
000116,28,99475,9.375883004395291,0.10
000117,60,104103,13.04790900030639,0.10
000118,30,109632,9.649455998442136,0.10
000122,20,99884,11.535571989952587,0.10
000124,41,112215,12.33351300470531,0.10
000126,22,113704,10.669544994016178,0.10
000128,29,97919,10.720723003032617,0.10
000132,12,109625,9.54006401298102,0.10
000134,65,110284,11.358336996636353,0.10
000135,43,107789,12.79854599852115,0.10
000137,27,108652,11.227048991713673,0.10
000139,8,109449,16.494191993842833,0.10
000140,19,104251,11.169220000738278,0.10
000143,29,108907,10.492204004549421,0.10
000147,30,112639,9.805010005948134,0.10
000151,59,103499,11.796948005212471,0.10
000152,26,110336,9.435020998353139,0.10
000153,23,111901,10.959574006847106,0.10
000156,25,112947,9.684756994829513,0.10
000159,25,105205,10.54947498778347,0.10
000161,64,103325,10.960637009702623,0.10
000167,21,105961,11.834670993266627,0.10
000168,34,109459,11.476329003926367,0.10
000169,43,103466,9.435599989956245,0.10
000170,20,108590,11.12522100447677,0.10
000173,31,109287,10.388388996943831,0.10
000174,32,113727,11.850768001750112,0.10
000175,29,111026,14.004027005285025,0.10
000181,39,107201,12.304522999329492,0.10
000182,24,111684,9.927136998157948,0.10
000183,22,105261,13.208874996053055,0.10
000186,31,100716,14.086438997765072,0.10
000187,15,112629,11.221902997931466,0.10
000188,16,112384,10.684861001209356,0.10
000190,40,108866,8.8409949967172,0.10
000191,19,106820,10.708246991271153,0.10
000192,22,109426,22.59876800235361,0.10
000194,15,112606,10.350381009629928,0.10
000195,20,106304,24.736143997870386,0.10
000196,35,113167,9.198034007567912,0.10
000197,39,108578,12.614580991794355,0.10
000199,26,103510,10.141616003238596,0.10
000201,28,96170,11.662461009109393,0.10
000203,13,93629,10.789981999550946,0.10
000204,11,109902,17.600709994439967,0.10
000207,44,104566,11.016253003617749,0.10
000211,20,106870,10.31557799433358,0.10
000212,23,109625,12.727245994028635,0.10
000213,52,107899,12.098719002096914,0.10
000216,27,110413,20.235165997291915,0.10
000218,22,101284,11.097526992671192,0.10
000223,9,98944,11.608086002524942,0.10
000224,22,110088,12.516206988948397,0.10
000226,70,108220,11.847593996208161,0.10
000229,20,111319,10.745560997747816,0.10
000230,20,102800,16.52250198822003,0.10
000231,23,109970,11.092693996033631,0.10
000234,36,103192,11.817310994956642,0.10
000235,22,109647,9.637292998377234,0.10
000236,22,97418,11.40165000106208,0.10
000237,21,107085,11.554597003851086,0.10
000239,24,112533,11.443729003076442,0.10
000242,32,111612,10.533065011259168,0.10
000246,19,106187,11.013985000317916,0.10
000247,33,111742,11.09508000081405,0.10
000248,29,109090,12.01592398865614,0.10
000249,18,107692,12.452326001948677,0.10
000250,21,113069,11.98163400113117,0.10
000251,44,111713,9.045493003213778,0.10
000252,20,112992,9.35065200610552,0.10
000260,20,101561,10.87525999173522,0.10
000262,28,95003,10.226808997686021,0.10
000263,32,103449,12.750307985697873,0.10
000265,25,103860,11.483905007480644,0.10
000266,28,105069,9.500988002400845,0.10
000268,14,97438,10.93072901130654,0.10
000269,41,112742,11.724422991392203,0.10
000270,24,110202,11.020350008038804,0.10
000272,18,103012,12.544138997327536,0.10
000273,49,98564,10.190077999141067,0.10
000278,26,113903,9.871916990960017,0.10
000279,21,111039,9.284535000915639,0.10
000281,14,108581,11.67087499925401,0.10
000283,25,112217,9.586197993485257,0.10
000284,45,108450,12.364344001980498,0.10
000289,13,114097,10.766437990241684,0.10
000290,27,103472,10.896945997956209,0.10
000291,39,113252,10.094202007167041,0.10
000293,23,113390,9.249060007277876,0.10
000297,23,111260,11.613241003942676,0.10
000301,17,101598,13.595600001281127,0.10
000302,41,100911,11.015623997082002,0.10
000305,35,98960,11.28223500563763,0.10
000307,26,108638,13.192804995924234,0.10
000308,48,111629,10.479488002602011,0.10
000309,9,108541,9.246650995919481,0.10
000311,20,109782,8.991349008283578,0.10
000312,23,108455,9.136174005107023,0.10
000314,24,112725,11.3931680098176,0.10
000315,31,109275,9.747575997607782,0.10
000319,33,107846,18.159080995246768,0.10
000320,23,112309,11.12630299758166,0.10
000321,22,111905,10.034961000201292,0.10
000323,32,106958,11.60175800032448,0.10
000324,25,110899,15.471236998564564,0.10
000327,26,113246,10.320071000023745,0.10
000328,31,101633,10.133867006516084,0.10
000329,46,108005,14.431681993301027,0.10
000332,55,110364,10.939016996417195,0.10
000333,50,103405,11.275071010459214,0.10
000335,33,108641,11.223085995879956,0.10
000336,78,110828,9.40675099263899,0.10
000340,27,112955,11.248506008996628,0.10
000341,40,111641,9.419297988642938,0.10
000343,12,112214,11.854622003738768,0.10
000345,21,109534,10.66077098948881,0.10
000346,30,108310,12.249195002368651,0.10
000347,16,101461,10.674109988030978,0.10
000350,38,105393,12.72893400164321,0.10
000351,19,109175,9.723509996547364,0.10
000352,20,106514,9.433683997485787,0.10
000354,34,106095,10.814555993420072,0.10
000355,27,109237,10.96440400579013,0.10
000356,30,113267,11.692311003571376,0.10
000357,20,105182,11.390642001060769,0.10
000359,5,110177,16.508793996763416,0.10
000360,20,105542,11.490612989291549,0.10
000361,43,103563,9.562325009028427,0.10
000362,19,105661,9.606013001757674,0.10
000365,27,103320,11.678372000460513,0.10
000366,51,111506,9.66109600267373,0.10
000369,26,106662,10.386064008343965,0.10
000370,51,110104,10.222858996712603,0.10
000372,17,109032,17.908889989485033,0.10
000373,35,104281,13.354458002140746,0.10
000376,39,109704,14.237991999834776,0.10
000377,23,108009,10.797295995871536,0.10
000378,21,110519,11.032512004021555,0.10
000379,24,106759,11.060278004151769,0.10
000381,28,101460,9.745756993652321,0.10
000382,42,104139,10.222423006780446,0.10
000383,58,109299,11.953013003221713,0.10
000385,13,105581,9.288301997003146,0.10
000386,19,106129,9.311497007729486,0.10
000388,21,105965,11.77414000267163,0.10
000391,18,107446,11.101024007075466,0.10
000392,42,107368,11.726123004336841,0.10
000393,36,103967,12.797718998626806,0.10
000394,23,107838,10.715594005887397,0.10
000395,40,103928,11.136943998280913,0.10
000396,27,113506,10.115486002177931,0.10
000397,52,106046,9.376494999742135,0.10
000001,24,102066,669.348320006975,0.15
000002,20,107898,9.577682998497039,0.15
000004,25,98619,15.40435099741444,0.15
000005,12,106330,14.060867004445754,0.15
000006,45,93505,11.65470299019944,0.15
000008,30,104088,14.204217004589736,0.15
000015,63,104243,15.539479994913563,0.15
000019,37,98339,10.16594999236986,0.15
000020,39,107414,9.391604995471425,0.15
000021,26,106318,11.117109010228887,0.15
000023,22,102418,10.792291999678127,0.15
000024,16,107702,12.88154799840413,0.15
000025,39,98666,9.201595006743446,0.15
000027,16,102433,10.864911993849091,0.15
000028,27,97816,13.46821199695114,0.15
000031,22,103083,10.193025998887606,0.15
000033,17,92936,11.863288003951311,0.15
000035,40,103385,11.228578005102463,0.15
000037,12,96236,9.272070004954003,0.15
000039,14,94805,10.60477999271825,0.15
000040,35,105792,9.8570859991014,0.15
000042,19,104442,10.200178003287874,0.15
000047,19,102831,11.891704998561181,0.15
000048,68,104215,14.099487991188653,0.15
000050,26,92104,12.48350901005324,0.15
000052,51,100765,11.7528080008924,0.15
000053,18,104766,9.774644000572152,0.15
000058,22,97943,10.799023002618924,0.15
000059,27,102622,17.02079600363504,0.15
000061,19,106483,13.361523990170099,0.15
000062,27,102875,12.952301010955125,0.15
000063,19,101833,11.780765998992138,0.15
000065,23,104670,11.451393002062105,0.15
000066,20,101805,9.405921009602025,0.15
000076,46,97097,9.189092001179233,0.15
000077,17,101514,11.211471995920874,0.15
000078,24,100560,9.022744998219423,0.15
000081,20,101837,17.240048997337,0.15
000089,29,105277,10.463701008120552,0.15
000090,42,106428,11.388587998226285,0.15
000093,29,99451,13.072140995063819,0.15
000094,9,107761,11.157696004374884,0.15
000098,18,100383,10.376847989391536,0.15
000102,44,107415,9.931072010658681,0.15
000104,14,103704,10.533558001043275,0.15
000106,47,101453,10.324353992473334,0.15
000107,23,87951,10.78890600183513,0.15
000108,13,89791,9.99088199750986,0.15
000116,27,94161,10.584298986941576,0.15
000117,54,98343,11.972196996794082,0.15
000118,27,103772,9.205536000081338,0.15
000122,19,94402,10.999299003742635,0.15
000124,42,105772,9.82303699129261,0.15
000126,19,107348,11.187897995114326,0.15
000128,27,92539,11.989177990471944,0.15
000132,10,103432,11.308350003673695,0.15
000134,62,104264,10.616469997330569,0.15
000135,43,102192,10.401084990007803,0.15
000137,24,102873,11.406631994759664,0.15
000139,9,103508,15.525394002906978,0.15
000140,22,98523,10.576906992355362,0.15
000143,27,102631,11.366313992766663,0.15
000147,26,106306,11.170743004186079,0.15
000151,60,97853,12.12881899846252,0.15
000152,27,104102,12.474650007789023,0.15
000153,24,105627,9.869178000371903,0.15
000156,27,106801,11.09647800331004,0.15
000159,29,99273,11.783832989749499,0.15
000161,63,97493,11.460990004707128,0.15
000167,21,100169,10.794898989843205,0.15
000168,33,103451,12.683111999649554,0.15
000169,39,97611,11.831106996396556,0.15
000170,18,102458,10.720232996391132,0.15
000173,32,103229,10.73285099118948,0.15
000174,37,107442,13.698606999241747,0.15
000175,27,104945,9.616562005248852,0.15
000181,41,101474,13.121687996317632,0.15
000182,24,105217,9.919489995809272,0.15
000183,20,99350,13.339381999685429,0.15
000186,32,95000,9.477882005739957,0.15
000187,15,106472,10.48661999811884,0.15
000188,15,106181,9.72644799912814,0.15
000190,40,102794,12.863605006714351,0.15
000191,22,100711,28.6917409976013,0.15
000192,21,103127,10.826450001331978,0.15
000194,20,106483,11.813435994554311,0.15
000195,20,100703,10.816920999786817,0.15
000196,37,106945,10.047577001387253,0.15
000197,42,102490,11.730910002370365,0.15
000199,25,97885,14.549200990586542,0.15
000201,27,90880,9.804721004911698,0.15
000203,14,88452,9.968767000827938,0.15
000204,9,103685,15.702411998063326,0.15
000207,41,98809,11.634156995569356,0.15
000211,21,101049,14.846049001789652,0.15
000212,24,103699,14.113066004938446,0.15
000213,53,101965,10.210805005044676,0.15
000216,25,104190,9.717428998555988,0.15
000218,22,95826,9.914449008647352,0.15
000223,11,93509,16.662009991705418,0.15
000224,25,104099,9.650362000684254,0.15
000226,66,102387,11.404777003917843,0.15
000229,22,105089,10.602923997794278,0.15
000230,23,97056,16.734263001126237,0.15
000231,17,103829,11.666354999761097,0.15
000234,38,97530,11.917705996893346,0.15
000235,23,103526,11.849577000248246,0.15
000236,22,92109,10.681756990379654,0.15
000237,26,101108,13.694383000256494,0.15
000239,21,106449,11.942023993469775,0.15
000242,34,105280,13.147006000508554,0.15
000246,22,100412,11.082299999543466,0.15
000247,35,105384,10.518492999835871,0.15
000248,28,103103,9.40828699094709,0.15
000249,18,102151,11.278892998234369,0.15
000250,22,106792,11.620498989941552,0.15
000251,49,105615,12.476099000195973,0.15
000252,17,106773,9.335294002084993,0.15
000260,18,95835,10.330881996196695,0.15
000262,29,89753,11.561025996343233,0.15
000263,32,97716,11.562526007764973,0.15
000265,26,98170,12.49462499981746,0.15
000266,30,99435,14.467772009084001,0.15
000268,14,92007,11.267558991676196,0.15
000269,43,106319,11.410228005843237,0.15
000270,24,104179,11.04058200144209,0.15
000272,16,97375,9.466018993407488,0.15
000273,48,93159,10.299155008397065,0.15
000278,25,107412,11.21282899111975,0.15
000279,16,104684,11.6286099946592,0.15
000281,11,102677,11.338614000123926,0.15
000283,24,106107,9.555943004670553,0.15
000284,43,102264,10.271699997247197,0.15
000289,12,107741,11.959591007325798,0.15
000290,28,97720,10.883123992243782,0.15
000291,39,106905,9.52149200020358,0.15
000293,23,106982,8.951096999226138,0.15
000297,22,105149,11.835127006634139,0.15
000301,15,96020,8.915935002733022,0.15
000302,43,95440,11.986159996013157,0.15
000305,40,93621,10.607249001623131,0.15
000307,18,102373,12.086981994798407,0.15
000308,43,105173,11.251212999923155,0.15
000309,13,102294,9.719680005218834,0.15
000311,19,103717,9.437061002245173,0.15
000312,21,102532,9.548987000016496,0.15
000314,24,106650,9.641776006901637,0.15
000315,29,103365,10.301691014319658,0.15
000319,31,101803,11.010879999957979,0.15
000320,23,106329,11.057569005060941,0.15
000321,22,105705,10.762438992969692,0.15
000323,36,101105,13.451393009745516,0.15
000324,29,104879,10.821515999850817,0.15
000327,28,106954,10.996444005286321,0.15
000328,28,96008,9.641033000661992,0.15
000329,49,102044,12.634575992706232,0.15
000332,56,104112,11.737059001461603,0.15
000333,51,97823,12.436548990081064,0.15
000335,29,102658,10.149319001357071,0.15
000336,80,104909,10.509304003790021,0.15
000340,27,106417,10.420178005006164,0.15
000341,40,105755,10.345735005103052,0.15
000343,13,106001,11.462502996437252,0.15
000345,21,103328,10.261941992212087,0.15
000346,30,102063,13.081279001198709,0.15
000347,19,95906,10.47423000272829,0.15
000350,33,99542,12.39855500170961,0.15
000351,21,103038,14.129336006590165,0.15
000352,22,100665,10.822037991601974,0.15
000354,33,100145,11.701551993610337,0.15
000355,28,103148,11.583283994696103,0.15
000356,29,106986,13.607992994366214,0.15
000357,24,99174,11.37906800431665,0.15
000359,6,104037,11.505597998620942,0.15
000360,17,99807,11.291254006209783,0.15
000361,44,98120,12.11208499444183,0.15
000362,23,99936,10.513488989090547,0.15
000365,26,97747,10.717549012042582,0.15
000366,52,105421,12.07117599551566,0.15
000369,24,100824,10.203081998042762,0.15
000370,49,104001,10.378330000094138,0.15
000372,20,103052,10.524135999730788,0.15
000373,39,98212,11.014370989869349,0.15
000376,34,103425,14.243953002733178,0.15
000377,26,102266,14.164241991238669,0.15
000378,23,104378,11.188449003384449,0.15
000379,24,100947,11.510083990287967,0.15
000381,24,95953,10.876872009248473,0.15
000382,43,98220,12.527608996606432,0.15
000383,61,103584,11.737047010683455,0.15
000385,15,100028,8.96117500087712,0.15
000386,19,99921,10.176868992857635,0.15
000388,24,100119,10.355400008847937,0.15
000391,15,101481,10.993567993864417,0.15
000392,43,101269,10.361024003941566,0.15
000393,38,98327,11.322592996293679,0.15
000394,17,101797,11.931982997339219,0.15
000395,38,98057,9.013871007482521,0.15
000396,26,107466,10.363340014009736,0.15
000397,47,100065,10.506553007871844,0.15
000001,20,96582,1049.7982290107757,0.20
000002,17,101674,9.715377003885806,0.20
000004,21,92523,12.542066993773915,0.20
000005,13,99899,14.688736002426594,0.20
000006,38,88130,10.372333010309376,0.20
000008,30,98000,10.669198003597558,0.20
000015,60,98170,17.99816300626844,0.20
000019,34,92557,10.796285001561046,0.20
000020,33,100834,10.124874010216445,0.20
000021,26,100020,13.709073988138698,0.20
000023,23,96442,12.213829002575949,0.20
000024,18,101428,12.141811006586067,0.20
000025,37,92552,9.548139991238713,0.20
000027,16,96450,10.521871998207644,0.20
000028,28,91973,9.989205005695112,0.20
000031,18,97016,9.354385998449288,0.20
000033,12,87194,10.25753100111615,0.20
000035,44,97548,11.290406997432001,0.20
000037,15,90468,9.515013007330708,0.20
000039,12,89619,9.8726069991244,0.20
000040,33,99756,12.666136986808851,0.20
000042,21,98258,11.734495987184346,0.20
000047,20,96837,11.30869500047993,0.20
000048,71,98115,10.010017998865806,0.20
000050,26,86767,10.251245999825187,0.20
000052,50,94939,16.061112997704186,0.20
000053,18,98567,9.617538991733454,0.20
000058,27,92178,15.853409000555985,0.20
000059,26,96393,13.546793998102657,0.20
000061,20,100111,16.326083001331426,0.20
000062,25,97085,12.280096998438239,0.20
000063,21,95817,10.284415999194607,0.20
000065,26,98530,9.806984002352692,0.20
000066,20,95712,11.627922998741269,0.20
000076,43,91689,9.793546996661462,0.20
000077,18,95703,11.558954996871762,0.20
000078,25,94708,9.816135003347881,0.20
000081,18,96074,12.622227004612796,0.20
000089,30,99064,10.027178010204807,0.20
000090,40,100091,11.419524991651997,0.20
000093,27,93620,11.718162000761367,0.20
000094,10,101289,11.218086001463234,0.20
000098,17,94295,10.865969001315534,0.20
000102,40,101017,10.77996900130529,0.20
000104,15,97774,12.676502010435797,0.20
000106,48,95605,12.983136999537237,0.20
000107,21,82612,11.58875999681186,0.20
000108,14,84473,9.936954011209309,0.20
000116,27,88308,12.080753993359394,0.20
000117,55,92532,10.604926006635651,0.20
000118,25,97731,9.153858001809567,0.20
000122,20,88852,16.753837990108877,0.20
000124,34,99808,10.196775998338126,0.20
000126,22,101125,10.909297998296097,0.20
000128,26,86957,10.074674995848909,0.20
000132,10,97574,11.255126999458298,0.20
000134,58,98184,12.134165008319542,0.20
000135,37,95828,10.810603998834267,0.20
000137,25,96686,11.618730000918731,0.20
000139,6,97527,17.453991997172125,0.20
000140,23,92506,16.41769900743384,0.20
000143,31,96893,12.250979998498224,0.20
000147,25,100172,10.28644600592088,0.20
000151,50,92330,12.966366994078271,0.20
000152,25,97863,9.500111002125777,0.20
000153,26,99373,12.021182003081776,0.20
000156,28,100439,10.19517399254255,0.20
000159,25,93370,10.776160008390434,0.20
000161,62,91766,11.689570994349197,0.20
000167,21,94189,11.194335005711764,0.20
000168,29,97140,12.924131995532662,0.20
000169,38,91913,10.362151995650493,0.20
000170,17,96387,11.344190992531367,0.20
000173,25,97313,11.69556099921465,0.20
000174,33,100904,10.385835994384252,0.20
000175,23,99155,9.355123998830095,0.20
000181,41,95277,13.618679004139267,0.20
000182,20,99266,10.636127000907436,0.20
000183,19,93196,9.337161012808792,0.20
000186,36,89479,10.647892006090842,0.20
000187,14,100071,10.292865001247264,0.20
000188,13,99891,9.5652009913465,0.20
000190,39,96716,12.661990986089222,0.20
000191,20,94933,16.81063699652441,0.20
000192,21,97638,11.287895002169535,0.20
000194,17,100103,13.49688800110016,0.20
000195,24,94575,13.957050992758013,0.20
000196,32,100624,11.254159995587543,0.20
000197,41,96726,11.307534005027264,0.20
000199,25,91956,11.375008994946256,0.20
000201,28,85616,11.116098001366481,0.20
000203,14,83520,11.838124002679251,0.20
000204,13,97624,17.832783007179387,0.20
000207,43,92997,19.659500001580454,0.20
000211,22,95108,13.237591992947273,0.20
000212,24,97732,10.918155006947927,0.20
000213,54,95769,12.65970199892763,0.20
000216,30,98348,16.24581999203656,0.20
000218,22,90042,10.749577995738946,0.20
000223,8,87761,12.77637000021059,0.20
000224,25,98035,15.347124004620127,0.20
000226,61,96022,14.178843004629016,0.20
000229,21,98882,11.06780300324317,0.20
000230,23,91592,15.929041008348577,0.20
000231,18,97807,11.214504993404262,0.20
000234,39,91501,11.210972006665543,0.20
000235,21,97687,12.207152001792565,0.20
000236,25,86589,14.417793994653039,0.20
000237,21,94999,10.313873994164169,0.20
000239,21,100169,10.712332994444296,0.20
000242,37,98962,10.26717500644736,0.20
000246,21,94340,9.878929005935788,0.20
000247,28,99250,10.264237993396819,0.20
000248,27,96931,11.573295007110573,0.20
000249,20,96124,9.86633299908135,0.20
000250,19,100878,11.85123500181362,0.20
000251,47,99553,18.485382999642752,0.20
000252,17,100437,11.402999996789731,0.20
000260,23,89960,13.777728003333323,0.20
000262,26,84441,11.090629996033385,0.20
000263,33,92118,10.325825001928024,0.20
000265,25,92478,10.662246000720188,0.20
000266,28,93485,18.385096002020873,0.20
000268,17,86619,10.614272992825136,0.20
000269,43,100341,10.717586003011093,0.20
000270,21,97934,9.771295997779816,0.20
000272,18,91508,9.845259992289357,0.20
000273,43,87700,13.061750010820106,0.20
000278,23,101242,10.633705998770893,0.20
000279,19,98931,9.100615992792882,0.20
000281,15,96462,11.823384993476793,0.20
000283,26,99764,10.58908000413794,0.20
000284,44,96449,11.827681999420747,0.20
000289,11,101627,12.047578988131136,0.20
000290,28,91938,10.903031012276188,0.20
000291,36,100938,11.297750010271557,0.20
000293,19,100948,9.034727001562715,0.20
000297,23,98806,9.86491898947861,0.20
000301,14,90252,10.700219005229883,0.20
000302,41,89611,12.366625989670865,0.20
000305,38,87995,11.592248993110843,0.20
000307,19,96356,11.927679006475955,0.20
000308,44,99206,11.649318999843672,0.20
000309,12,96339,16.58964999660384,0.20
000311,21,97441,17.637173004914075,0.20
000312,22,96407,8.955575001891702,0.20
000314,22,100198,10.30702400021255,0.20
000315,30,97106,16.78898200043477,0.20
000319,27,96073,11.542402993654832,0.20
000320,22,99704,14.161584011162631,0.20
000321,19,99602,11.210153010324575,0.20
000323,30,94866,11.736788001144305,0.20
000324,21,98624,11.164387004100718,0.20
000327,22,100647,15.239258005749434,0.20
000328,29,90277,15.24546300061047,0.20
000329,40,96073,12.20224000280723,0.20
000332,52,98248,9.91250500374008,0.20
000333,52,91955,10.976625009789132,0.20
000335,35,96499,12.805514998035505,0.20
000336,72,98661,11.730735001037829,0.20
000340,22,100123,17.937060998519883,0.20
000341,36,99244,9.438010994927026,0.20
000343,14,99874,9.463750990107656,0.20
000345,20,97276,10.087567992741242,0.20
000346,30,96252,12.398236998706125,0.20
000347,17,90135,13.521136992494576,0.20
000350,38,93945,11.358319999999367,0.20
000351,20,97259,9.507263006526046,0.20
000352,18,94928,9.740101988427341,0.20
000354,34,94103,11.050724002416246,0.20
000355,26,97290,12.834647990530357,0.20
000356,24,100634,10.901239002123475,0.20
000357,24,93283,11.445059004472569,0.20
000359,8,97777,9.638008996262215,0.20
000360,18,94108,10.020323999924585,0.20
000361,44,92084,11.155107989907265,0.20
000362,21,94005,10.718258999986574,0.20
000365,23,92312,11.137025008792989,0.20
000366,54,99101,10.549855011049658,0.20
000369,22,94924,10.211049986537546,0.20
000370,51,98106,10.589075012831017,0.20
000372,20,96900,11.220004002097994,0.20
000373,38,92707,9.900491000735201,0.20
000376,36,97389,12.55129800119903,0.20
000377,26,95702,9.566797001753002,0.20
000378,25,98589,10.463395999977365,0.20
000379,23,95137,10.586083008092828,0.20
000381,26,90213,9.790090000024065,0.20
000382,45,92368,10.442037004395388,0.20
000383,54,97345,10.797655006172135,0.20
000385,10,94125,10.130996000953019,0.20
000386,16,94402,11.981305011431687,0.20
000388,22,94003,10.9788940026192,0.20
000391,17,95343,11.3772729964694,0.20
000392,39,95405,10.175258998060599,0.20
000393,36,92480,9.780923996004276,0.20
000394,22,95871,11.556458004633896,0.20
000395,37,92349,9.818417995120399,0.20
000396,28,100878,10.216805996606126,0.20
000397,50,94192,9.517375001451,0.20
000001,18,84463,667.9056519933511,0.30
000002,19,88724,9.26679398980923,0.30
000004,23,81253,10.923934009042569,0.30
000005,11,87552,16.06201300455723,0.30
000006,37,76917,13.023389998124912,0.30
000008,25,85757,9.944675999577157,0.30
000015,57,85881,9.291151000070386,0.30
000019,33,81048,9.342174991616048,0.30
000020,38,88668,9.49691999994684,0.30
000021,28,87572,11.51996800035704,0.30
000023,18,84138,10.300313006155193,0.30
000024,14,88461,19.278376013971865,0.30
000025,35,81100,9.849074995145202,0.30
000027,15,84505,10.280150003382005,0.30
000028,28,80434,13.241527005448006,0.30
000031,19,84977,10.507150000194088,0.30
000033,15,76551,11.382828000932932,0.30
000035,36,85237,11.442704999353737,0.30
000037,10,79396,11.57539599807933,0.30
000039,14,78182,9.208043004036881,0.30
000040,32,87199,12.210652013891377,0.30
000042,21,85734,10.35567199869547,0.30
000047,19,84703,10.858524008654058,0.30
000048,64,85704,9.566031993017532,0.30
000050,25,75372,11.507410992635414,0.30
000052,52,83055,12.197112999274395,0.30
000053,18,85880,13.789150994853117,0.30
000058,25,80928,14.434892000281252,0.30
000059,30,84611,15.404890000354499,0.30
000061,21,87904,13.200635003158823,0.30
000062,22,84705,10.685599001590163,0.30
000063,18,83943,9.75771399680525,0.30
000065,26,86134,9.146566997515038,0.30
000066,20,83753,9.090906998608261,0.30
000076,41,80027,10.471190995303914,0.30
000077,18,83737,10.811077998369,0.30
000078,23,82667,9.688731006463058,0.30
000081,16,83942,10.713934010709636,0.30
000089,29,86914,9.819027007324621,0.30
000090,40,87912,11.995424996712245,0.30
000093,26,82114,10.85433000116609,0.30
000094,10,88621,9.559360987623222,0.30
000098,19,82674,8.970991999376565,0.30
000102,40,88507,11.251028001424856,0.30
000104,15,85577,10.381221989518963,0.30
000106,40,83798,12.538948009023443,0.30
000107,21,72205,12.01325400325004,0.30
000108,12,73798,10.633098005200736,0.30
000116,21,77319,10.281844006385654,0.30
000117,48,80884,13.55353400867898,0.30
000118,26,85467,10.116316989297047,0.30
000122,18,77906,11.674150009639561,0.30
000124,26,87098,10.895693994825706,0.30
000126,17,88486,9.338114992715418,0.30
000128,21,76225,10.08071999240201,0.30
000132,13,85429,10.330698001780547,0.30
000134,55,85939,11.55377300165128,0.30
000135,39,83981,11.865503998706117,0.30
000137,20,84959,11.995202003163286,0.30
000139,8,85099,14.454340998781845,0.30
000140,20,81105,9.308420005254447,0.30
000143,27,84515,10.476341005414724,0.30
000147,28,87309,9.435085012228228,0.30
000151,55,80758,16.03307799086906,0.30
000152,23,85709,9.521889995085075,0.30
000153,23,87224,9.246970003005117,0.30
000156,27,87852,10.083368993946351,0.30
000159,23,81753,10.642013992764987,0.30
000161,61,80227,10.203277008258738,0.30
000167,22,82472,12.02306299819611,0.30
000168,38,85286,12.576674998854287,0.30
000169,38,80255,11.63536800595466,0.30
000170,20,84324,11.36745500843972,0.30
000173,27,84867,8.93192901276052,0.30
000174,33,88150,12.169515990535729,0.30
000175,27,86552,8.809323000605218,0.30
000181,42,83312,11.123848002171144,0.30
000182,29,86840,11.066539998864755,0.30
000183,21,81931,10.359845007769763,0.30
000186,32,78282,9.084281002287753,0.30
000187,10,87245,11.822401997051202,0.30
000188,11,87382,9.871759990346618,0.30
000190,38,84681,16.232045003562234,0.30
000191,22,82763,11.393292006687261,0.30
000192,24,85414,17.059310994227417,0.30
000194,20,87480,9.993704996304587,0.30
000195,17,82926,18.842856006813236,0.30
000196,32,88183,10.632044999510981,0.30
000197,38,84419,13.777743006357923,0.30
000199,25,80674,11.059081996791065,0.30
000201,26,75088,11.331993999192491,0.30
000203,13,72847,13.256883990834467,0.30
000204,12,85360,18.3101829898078,0.30
000207,38,81306,11.126996003440581,0.30
000211,20,83391,9.527654998237267,0.30
000212,27,85315,9.541899999021553,0.30
000213,51,83791,12.998638005228713,0.30
000216,25,85779,24.41118800197728,0.30
000218,25,78788,11.23819399799686,0.30
000223,6,77017,14.476586002274416,0.30
000224,23,85872,10.229588006041013,0.30
000226,58,84318,12.048452001181431,0.30
000229,18,86021,11.35054900078103,0.30
000230,22,80062,16.082667993032373,0.30
000231,21,85393,11.925291997613385,0.30
000234,38,80075,11.235377998673357,0.30
000235,23,85497,12.32093499857001,0.30
000236,24,75623,10.031723999418318,0.30
000237,22,83110,10.688302994822152,0.30
000239,21,87575,10.458010001457296,0.30
000242,30,86564,10.549204002018087,0.30
000246,21,82759,10.2557789941784,0.30
000247,29,86827,11.423471994930878,0.30
000248,27,84588,9.117809007875621,0.30
000249,17,83742,11.568707996048033,0.30
000250,21,87718,11.335368995787576,0.30
000251,41,86892,9.520174004137516,0.30
000252,16,87732,8.883146991138346,0.30
000260,17,78624,10.518448005313985,0.30
000262,24,74032,9.452202008105814,0.30
000263,23,80377,10.732341994298622,0.30
000265,19,80966,10.890923003898934,0.30
000266,27,81600,9.234059005393647,0.30
000268,15,75775,12.62705199769698,0.30
000269,37,87724,12.430706003215164,0.30
000270,19,85874,11.136065004393458,0.30
000272,17,80056,10.800923002534546,0.30
000273,46,76669,10.831356004928239,0.30
000278,22,88810,13.869402013369836,0.30
000279,15,86416,18.58225899923127,0.30
000281,15,84120,9.986464996472932,0.30
000283,24,87216,12.608158998773433,0.30
000284,37,84116,12.122072992497124,0.30
000289,9,88761,11.48426899453625,0.30
000290,33,80602,9.149578007054515,0.30
000291,37,88300,11.167964999913238,0.30
000293,18,88285,9.517803002381697,0.30
000297,23,86419,11.024307008483447,0.30
000301,15,79002,9.182519002933986,0.30
000302,44,78631,12.906896998174489,0.30
000305,39,76924,11.577504003071226,0.30
000307,24,84024,11.55277898942586,0.30
000308,37,87052,10.037021987955086,0.30
000309,12,84403,11.28190298913978,0.30
000311,19,85338,8.71743299649097,0.30
000312,17,84357,9.016231997520663,0.30
000314,23,87727,10.010273996158503,0.30
000315,23,85347,9.478028005105443,0.30
000319,31,84018,11.850351002067327,0.30
000320,21,87506,10.803348006447777,0.30
000321,19,87420,9.267767003620975,0.30
000323,30,83080,10.718193996581249,0.30
000324,23,86362,9.643946992582642,0.30
000327,23,88152,11.246979993302375,0.30
000328,35,79257,8.591452002292499,0.30
000329,45,84245,11.989982012892142,0.30
000332,55,85772,10.002481008996256,0.30
000333,49,80430,13.784444992779754,0.30
000335,27,84714,12.339055014308542,0.30
000336,71,86215,14.892528997734189,0.30
000340,24,87972,14.67948200297542,0.30
000341,36,86488,10.985699002048932,0.30
000343,11,87157,14.304888012702577,0.30
000345,21,85190,10.313088001566939,0.30
000346,32,84174,10.83963899873197,0.30
000347,16,79130,11.473757011117414,0.30
000350,34,81903,10.034537001047283,0.30
000351,20,84557,9.40041700960137,0.30
000352,17,83205,9.686538003734313,0.30
000354,30,82425,10.5409159878036,0.30
000355,25,85004,10.336487990571186,0.30
000356,28,87823,15.16148900554981,0.30
000357,21,81579,11.91089500207454,0.30
000359,7,86043,13.682370990864001,0.30
000360,18,82303,10.826678000739776,0.30
000361,40,80540,11.314638002659194,0.30
000362,20,82291,10.508440987905487,0.30
000365,23,80527,9.637574999942444,0.30
000366,45,86580,12.209303007693961,0.30
000369,22,83092,11.36326500272844,0.30
000370,43,85823,11.455327010480687,0.30
000372,18,85056,10.689678994822316,0.30
000373,33,81003,9.855555996182375,0.30
000376,31,84981,10.833407010068186,0.30
000377,23,83895,10.616329003823921,0.30
000378,22,86263,9.987707991967909,0.30
000379,21,83051,10.107886992045678,0.30
000381,22,78737,10.715849988628179,0.30
000382,43,81168,12.082490997272544,0.30
000383,57,85101,12.069817996234633,0.30
000385,14,81897,17.226601994480006,0.30
000386,18,82502,10.920743996393867,0.30
000388,21,82547,11.285072992905043,0.30
000391,15,83404,10.451555994222872,0.30
000392,39,83640,15.334204988903366,0.30
000393,34,80683,11.030770998331718,0.30
000394,21,83639,18.89322498755064,0.30
000395,38,80552,12.236833994393237,0.30
000396,29,88178,9.375551002449356,0.30
000397,48,82500,12.4417790066218,0.30
000001,22,72211,667.1899810025934,0.40
000002,16,75938,10.012965009082109,0.40
000004,19,69373,10.862686001928523,0.40
000005,9,74923,13.149871010682546,0.40
000006,40,65869,10.536091998801567,0.40
000008,30,73586,10.071994009194896,0.40
000015,56,73703,16.40166700235568,0.40
000019,33,69228,9.000406993436627,0.40
000020,24,76014,9.879172997898422,0.40
000021,24,75384,15.712382999481633,0.40
000023,16,72052,10.814224006026052,0.40
000024,18,76348,10.887511001783423,0.40
000025,31,69720,9.011451009428129,0.40
000027,8,72460,10.852674007765017,0.40
000028,27,68982,9.352897992357612,0.40
000031,21,72688,8.904142989194952,0.40
000033,14,65686,10.10465899889823,0.40
000035,30,73048,11.921447003260255,0.40
000037,12,67887,9.902888996293768,0.40
000039,15,66766,15.259808002156205,0.40
000040,30,74869,9.853064999333583,0.40
000042,14,74144,9.956658992450684,0.40
000047,18,72567,11.907323001651093,0.40
000048,56,73658,9.608378997654654,0.40
000050,21,64974,9.944970996002667,0.40
000052,45,71022,13.218706997577101,0.40
000053,17,74181,9.662951997597702,0.40
000058,22,69463,10.434223004267551,0.40
000059,24,71908,12.444039006368257,0.40
000061,18,75150,12.430536997271702,0.40
000062,21,72693,10.199315001955256,0.40
000063,21,71850,11.065572994994,0.40
000065,21,73752,8.990116999484599,0.40
000066,19,71993,9.277122997445986,0.40
000076,35,68791,10.132872994290665,0.40
000077,15,71782,9.380919000250287,0.40
000078,20,70832,13.362229001359083,0.40
000081,15,71713,10.306005002348684,0.40
000089,31,74502,9.405969001818448,0.40
000090,38,75353,13.494272003299557,0.40
000093,27,69899,11.084748010034673,0.40
000094,7,75870,18.07181899494026,0.40
000098,19,70929,9.571557005983777,0.40
000102,42,76014,10.286349002853967,0.40
000104,11,73279,10.167177999392152,0.40
000106,45,71881,10.661378997610882,0.40
000107,22,62052,9.59309100289829,0.40
000108,15,63472,9.871993999695405,0.40
000116,23,66176,14.155971002765,0.40
000117,52,69428,10.270831000525504,0.40
000118,20,73326,9.79193500825204,0.40
000122,20,66374,9.816568999667652,0.40
000124,29,74673,11.371377011528239,0.40
000126,16,75823,10.286912001902238,0.40
000128,20,65471,14.88888899621088,0.40
000132,7,73222,10.555325003224425,0.40
000134,55,73649,9.743841001181863,0.40
000135,36,72053,10.104804998263717,0.40
000137,21,72456,10.817317001055926,0.40
000139,6,72943,14.21634599682875,0.40
000140,19,69477,9.26830900425557,0.40
000143,25,72420,11.397345995646901,0.40
000147,28,75018,9.956150010111742,0.40
000151,49,69331,11.306897999020293,0.40
000152,21,73573,10.949653995339759,0.40
000153,18,74581,10.54931798717007,0.40
000156,25,75295,9.671760999481194,0.40
000159,29,69913,9.90895600989461,0.40
000161,51,69027,9.573714996804483,0.40
000167,19,70347,11.90102098917123,0.40
000168,28,72990,9.727076001581736,0.40
000169,31,69225,10.12888400873635,0.40
000170,15,72515,11.402603005990386,0.40
000173,27,72904,9.548882997478358,0.40
000174,33,75663,10.133361996849999,0.40
000175,25,74112,13.1317959894659,0.40
000181,41,71554,10.745838997536339,0.40
000182,23,74395,10.55447300313972,0.40
000183,20,70026,9.584651998011395,0.40
000186,27,66869,10.378086008131504,0.40
000187,11,75140,9.632386994780973,0.40
000188,13,74915,9.934121000696905,0.40
000190,46,72679,9.582394995959476,0.40
000191,20,70973,10.694010998122394,0.40
000192,21,72903,10.079682993819006,0.40
000194,19,75166,10.50720299826935,0.40
000195,17,70783,12.371328004519455,0.40
000196,32,75608,17.495578998932615,0.40
000197,33,72458,12.868753998191096,0.40
000199,22,69035,13.533254008507356,0.40
000201,25,64078,9.946098987711594,0.40
000203,10,62383,11.170188008691184,0.40
000204,12,73430,15.39488100388553,0.40
000207,40,69799,10.69907499186229,0.40
000211,20,71451,9.46296300389804,0.40
000212,24,73113,8.889795004506595,0.40
000213,48,72092,10.624215996358544,0.40
000216,27,73516,12.307748998864554,0.40
000218,23,67698,9.311259011155926,0.40
000223,10,66060,9.097870992263779,0.40
000224,25,73112,14.634539998951368,0.40
000226,55,71978,12.476171003072523,0.40
000229,20,74523,17.7469609916443,0.40
000230,16,68645,18.612618005136028,0.40
000231,17,73417,13.809822994517162,0.40
000234,30,68712,14.776619005715474,0.40
000235,21,73311,11.70279701182153,0.40
000236,20,64619,12.113955002860166,0.40
000237,22,71228,12.109846997191198,0.40
000239,23,75176,9.97086700226646,0.40
000242,30,74282,15.352893999079242,0.40
000246,19,70823,11.91122698946856,0.40
000247,25,74369,10.022440998000093,0.40
000248,27,72685,9.721433001686819,0.40
000249,22,71952,10.723387997131795,0.40
000250,20,75622,9.458979999180883,0.40
000251,43,74501,14.234321002732031,0.40
000252,16,75394,10.537194000789896,0.40
000260,20,67533,9.591501002432778,0.40
000262,22,63358,11.377428003470413,0.40
000263,24,68711,9.628284999052994,0.40
000265,19,69317,12.157260993262753,0.40
000266,29,70115,12.604543007910252,0.40
000268,17,64923,10.218983006780036,0.40
000269,33,75340,10.29113499680534,0.40
000270,18,73543,11.342744008288719,0.40
000272,12,68659,9.791814998607151,0.40
000273,41,65947,12.060458000632934,0.40
000278,21,75864,10.917895007878542,0.40
000279,15,73812,9.143286995822564,0.40
000281,15,72585,10.330870005418546,0.40
000283,14,74797,10.92882500961423,0.40
000284,45,72242,11.17860700469464,0.40
000289,7,76121,11.71862700721249,0.40
000290,25,69158,11.507068993523717,0.40
000291,29,75396,11.047881009289995,0.40
000293,18,75695,8.987566994619556,0.40
000297,18,74115,11.374827998224646,0.40
000301,13,67500,11.024698003893718,0.40
000302,37,67125,10.103267995873466,0.40
000305,37,65955,9.92726099502761,0.40
000307,17,72004,11.320472010993399,0.40
000308,41,74547,11.30674101295881,0.40
000309,10,72121,9.15784300013911,0.40
000311,19,73548,9.659467992605641,0.40
000312,24,72578,9.053600995684974,0.40
000314,19,75102,12.025682997773401,0.40
000315,19,72680,9.305640996899456,0.40
000319,24,71775,10.148323999601416,0.40
000320,19,75219,11.369717991328798,0.40
000321,17,74459,8.935949997976422,0.40
000323,32,71207,9.506351998425089,0.40
000324,25,73887,9.219173007295467,0.40
000327,21,75140,9.330989996669814,0.40
000328,26,67635,10.111616007634439,0.40
000329,38,72059,10.100718995090574,0.40
000332,51,73351,8.95023500197567,0.40
000333,49,69003,11.018218006938696,0.40
000335,29,72615,9.482114997808821,0.40
000336,71,74005,10.315702005755156,0.40
000340,22,75294,11.347199004376307,0.40
000341,37,74434,9.807476992136799,0.40
000343,12,74686,12.689045994193293,0.40
000345,16,73112,11.677377988235094,0.40
000346,30,72252,9.18934699438978,0.40
000347,17,67754,13.14798199746292,0.40
000350,30,70005,11.688985992805101,0.40
000351,18,72656,9.46734299941454,0.40
000352,21,71063,16.457209989312105,0.40
000354,28,71005,10.070728007121943,0.40
000355,24,72659,9.097753994865343,0.40
000356,25,75571,9.904131991788745,0.40
000357,21,70036,16.00288099143654,0.40
000359,7,73506,9.791018004762009,0.40
000360,21,70686,11.013474999344908,0.40
000361,32,69078,11.195130995474756,0.40
000362,19,70366,9.481246990617365,0.40
000365,27,68906,11.814612997113727,0.40
000366,46,74496,10.691231989767402,0.40
000369,20,70993,9.496755999862216,0.40
000370,46,73603,11.985465011093765,0.40
000372,13,72918,10.443571998621337,0.40
000373,32,69567,9.91901800443884,0.40
000376,30,73001,10.068591000162996,0.40
000377,23,72046,10.560811002505943,0.40
000378,21,73881,11.708420002833009,0.40
000379,17,71093,11.441186012234539,0.40
000381,25,67781,10.147548993700184,0.40
000382,41,69291,10.27413600240834,0.40
000383,58,73087,12.009746991680004,0.40
000385,12,70502,9.061477001523599,0.40
000386,18,70758,10.123479994945228,0.40
000388,15,70666,11.210572003619745,0.40
000391,17,71636,10.05327599705197,0.40
000392,38,71660,9.234411991201341,0.40
000393,32,69542,10.77142199210357,0.40
000394,20,71663,10.380082007031888,0.40
000395,32,69252,9.513652010355145,0.40
000396,23,75944,12.385802998323925,0.40
000397,48,70706,10.994840005878359,0.40
000001,15,60261,677.0870110049145,0.50
000002,18,63305,10.680605992092751,0.50
000004,16,57986,11.69333299912978,0.50
000005,8,62607,12.986975998501293,0.50
000006,37,54941,10.362321001593955,0.50
000008,21,60717,8.626053997431882,0.50
000015,49,61364,8.507505990564823,0.50
000019,32,57999,9.89830399339553,0.50
000020,21,63471,8.796042995527387,0.50
000021,20,62697,10.181233999901451,0.50
000023,14,60137,9.808638991671614,0.50
000024,13,63403,12.109470990253612,0.50
000025,32,57818,8.823216005112045,0.50
000027,9,60474,9.528872993541881,0.50
000028,23,57313,9.739700995851308,0.50
000031,13,60520,8.93286800419446,0.50
000033,12,54723,8.65423699724488,0.50
000035,35,60744,11.040036013582721,0.50
000037,15,56388,9.037802999955602,0.50
000039,12,55845,10.643907997291535,0.50
000040,22,62011,10.085132991662249,0.50
000042,16,61498,9.610157998395152,0.50
000047,20,60629,10.229235005681403,0.50
000048,54,61500,10.734830997535028,0.50
000050,20,54069,10.041023007943295,0.50
000052,41,59641,11.911288995179348,0.50
000053,17,61631,12.021988004562445,0.50
000058,19,57473,11.977109010331333,0.50
000059,25,60439,10.447199005284347,0.50
000061,20,62756,14.797121999436058,0.50
000062,16,60736,11.09973200073,0.50
000063,17,60103,10.5178569938289,0.50
000065,20,61438,11.66781599749811,0.50
000066,18,59930,9.56840299477335,0.50
000076,35,57143,9.789128991542384,0.50
000077,11,59903,9.721801994601265,0.50
000078,21,59330,10.080263004056178,0.50
000081,14,60056,10.730743000749499,0.50
000089,26,61414,9.81591100571677,0.50
000090,30,62678,12.283759002457373,0.50
000093,27,58396,11.807124988990836,0.50
000094,6,63576,12.355161001323722,0.50
000098,16,58836,9.094335997360758,0.50
000102,36,63131,10.767665997263975,0.50
000104,17,60997,11.071636006818153,0.50
000106,34,59914,11.44450600259006,0.50
000107,21,51752,10.679476996301673,0.50
000108,12,52780,9.099567992961966,0.50
000116,18,55128,9.617907999199815,0.50
000117,45,57976,11.449911995441653,0.50
000118,26,61234,8.448124994174577,0.50
000122,17,55875,10.87526099581737,0.50
000124,24,62315,9.794171011890285,0.50
000126,17,63291,9.53226099954918,0.50
000128,23,54671,10.095427991473116,0.50
000132,7,60649,10.466272011399269,0.50
000134,48,61371,9.437631000764668,0.50
000135,39,59900,11.182590009411797,0.50
000137,17,60724,11.496815001009963,0.50
000139,8,60732,10.213556000962853,0.50
000140,14,57810,12.568921985803172,0.50
000143,26,60365,10.853291998500936,0.50
000147,21,62528,10.171219997573644,0.50
000151,42,57612,10.166356994886883,0.50
000152,23,61458,9.669573002611287,0.50
000153,23,62318,9.073887995327823,0.50
000156,18,62884,10.044706999906339,0.50
000159,20,58779,10.095150995766744,0.50
000161,45,57186,11.441050010034814,0.50
000167,18,58726,9.457464999286458,0.50
000168,24,60750,11.855435004690662,0.50
000169,35,57362,8.922637993237004,0.50
000170,14,60033,12.22086200141348,0.50
000173,28,60495,9.101820993237197,0.50
000174,34,63256,10.325531009584665,0.50
000175,22,61802,9.633956011384726,0.50
000181,37,59305,10.43738100270275,0.50
000182,17,62072,9.746819996507838,0.50
000183,23,58350,9.448151991819032,0.50
000186,31,55933,9.448431999771856,0.50
000187,8,62436,10.051523000583984,0.50
000188,9,62930,10.285512005793862,0.50
000190,38,60422,9.135788001003675,0.50
000191,18,59379,9.490683005424216,0.50
000192,19,60870,10.323946000426076,0.50
000194,15,62694,9.789342002477497,0.50
000195,15,58926,9.70685199717991,0.50
000196,36,63010,10.171843998250552,0.50
000197,32,60456,12.181954996776767,0.50
000199,21,57721,11.10014300502371,0.50
000201,30,53186,12.248120998265222,0.50
000203,15,51994,10.718855002778582,0.50
000204,12,60809,16.171947005204856,0.50
000207,35,58187,12.66154699260369,0.50
000211,17,59536,11.190675999387167,0.50
000212,20,61045,9.605617000488564,0.50
000213,50,59754,10.953071992844343,0.50
000216,23,61148,11.420779992477037,0.50
000218,21,55965,11.955492998822592,0.50
000223,7,54752,8.652060001622885,0.50
000224,17,61553,11.451554993982427,0.50
000226,54,60142,13.863027998013422,0.50
000229,17,61782,11.072683002566919,0.50
000230,16,57130,15.327350003644824,0.50
000231,15,61013,11.185477007529698,0.50
000234,29,57426,12.945123002282344,0.50
000235,21,61128,12.290625003515743,0.50
000236,20,54334,10.463257000083104,0.50
000237,20,59424,12.206529005197808,0.50
000239,17,62681,13.610262991278432,0.50
000242,27,61993,10.424812004202977,0.50
000246,17,58812,9.026575004099868,0.50
000247,24,61950,12.291808001464233,0.50
000248,22,60544,9.645641010138206,0.50
000249,16,60118,10.375557001680136,0.50
000250,17,62891,9.488953000982292,0.50
000251,37,62419,10.045184011687525,0.50
000252,13,62950,9.255994998966344,0.50
000260,18,56412,11.460722002084367,0.50
000262,24,52996,9.276558004785329,0.50
000263,23,57290,9.30551000055857,0.50
000265,26,57702,9.595249997801147,0.50
000266,28,58451,10.411879004095681,0.50
000268,20,54295,9.885837993351743,0.50
000269,28,62703,11.03422700543888,0.50
000270,11,61379,9.865855012321845,0.50
000272,15,57152,10.438650992000476,0.50
000273,39,54884,9.644858990213834,0.50
000278,16,63422,11.544920998858288,0.50
000279,17,61795,9.498861996689811,0.50
000281,14,59854,10.775251997984014,0.50
000283,20,62292,9.858289995463565,0.50
000284,38,60256,11.514604004332796,0.50
000289,10,63411,9.99726499139797,0.50
000290,26,57571,9.759095002664253,0.50
000291,26,63231,11.08266798837576,0.50
000293,15,62815,9.353599001769908,0.50
000297,22,61540,11.190371005795896,0.50
000301,17,56300,11.436194996349514,0.50
000302,41,56504,10.183369988226332,0.50
000305,36,55106,13.385943995672278,0.50
000307,13,60342,9.735189989442006,0.50
000308,34,62057,9.266756009310484,0.50
000309,8,60396,9.369336999952793,0.50
000311,20,61129,9.594996008672751,0.50
000312,21,60457,8.942663000198081,0.50
000314,17,62517,9.515936006209813,0.50
000315,23,60522,10.040039996965788,0.50
000319,23,59755,9.825675006140955,0.50
000320,17,62195,9.349262996693142,0.50
000321,19,61839,9.356893991935067,0.50
000323,33,59238,9.312892987509258,0.50
000324,24,62062,9.61442300467752,0.50
000327,24,62754,9.604363003745675,0.50
000328,31,56296,9.679416994913481,0.50
000329,37,60220,10.768989988719113,0.50
000332,50,61155,10.806284000864252,0.50
000333,46,57398,9.477383006014861,0.50
000335,25,60604,9.746593001182191,0.50
000336,73,61964,9.028888001921587,0.50
000340,20,62741,11.062186997151002,0.50
000341,37,61831,10.648339011822827,0.50
000343,11,62202,9.634553993237205,0.50
000345,16,60777,9.641330994782038,0.50
000346,32,59936,9.066063008503988,0.50
000347,15,56548,13.085836995742284,0.50
000350,31,58526,12.220030999742448,0.50
000351,17,60768,12.766868007020094,0.50
000352,19,59141,9.872948998236097,0.50
000354,29,58757,10.06985099229496,0.50
000355,25,60751,12.60529100545682,0.50
000356,20,62784,9.489631003816612,0.50
000357,22,58540,9.646128994063474,0.50
000359,8,61365,10.483922000275925,0.50
000360,17,58457,10.574450003332458,0.50
000361,32,57392,11.498255000333302,0.50
000362,19,58798,9.269469999708235,0.50
000365,21,57567,21.94693400815595,0.50
000366,41,62033,14.076163002755493,0.50
000369,16,59067,14.188147004460916,0.50
000370,38,61028,11.923233993002214,0.50
000372,19,60443,13.35760900110472,0.50
000373,30,57940,11.869405003380962,0.50
000376,26,60977,12.320716006797738,0.50
000377,22,60088,11.48271000420209,0.50
000378,22,61493,10.926735994871706,0.50
000379,18,59268,10.280399001203477,0.50
000381,14,56428,11.249889997998253,0.50
000382,30,57886,11.02470900514163,0.50
000383,54,60873,10.249705010210164,0.50
000385,15,58567,10.574497995548882,0.50
000386,16,58829,8.92365799518302,0.50
000388,16,58897,11.71542500378564,0.50
000391,17,60015,9.754202008480206,0.50
000392,32,59734,9.420165995834395,0.50
000393,36,57525,9.402641997439787,0.50
000394,16,59972,11.440125992521644,0.50
000395,43,57708,11.402554009691812,0.50
000396,23,62803,10.68773798760958,0.50
000397,43,59208,9.817131998715922,0.50
000001,18,48246,730.4677950014593,0.60
000002,14,50320,10.564486001385376,0.60
000004,15,46448,9.711145001347177,0.60
000005,5,50020,12.82588100002613,0.60
000006,33,43859,9.424100993783213,0.60
000008,23,48917,8.772711997153237,0.60
000015,38,48760,9.94853099109605,0.60
000019,32,46146,9.147988996119238,0.60
000020,27,50743,12.031532998662442,0.60
000021,20,49925,8.91604000935331,0.60
000023,16,48206,12.70162699802313,0.60
000024,15,50751,13.425142999039963,0.60
000025,24,46218,12.298061992623843,0.60
000027,7,48176,9.801389998756349,0.60
000028,22,45890,16.175469005247578,0.60
000031,15,48472,9.769517011591233,0.60
000033,14,43478,9.483329995418899,0.60
000035,30,48871,10.191448003752157,0.60
000037,7,45334,16.980446001980454,0.60
000039,14,44533,8.86846698995214,0.60
000040,21,49689,10.98722500319127,0.60
000042,10,49329,10.531581996474415,0.60
000047,16,48602,10.54657700296957,0.60
000048,53,48971,9.921064003719948,0.60
000050,17,43268,9.53522400232032,0.60
000052,37,47409,17.489898993517272,0.60
000053,16,49407,9.148042008746415,0.60
000058,20,46128,11.434736996307038,0.60
000059,24,48353,11.122348005301319,0.60
000061,14,50128,12.242966011399403,0.60
000062,13,48472,11.505880989716388,0.60
000063,16,48178,14.617697990615852,0.60
000065,17,49153,10.143966996110976,0.60
000066,18,47464,9.470523000345565,0.60
000076,38,45610,9.447329008253291,0.60
000077,15,47936,8.931054995628074,0.60
000078,16,46981,10.861921997275203,0.60
000081,15,47996,12.10267300484702,0.60
000089,19,49735,9.229597999365069,0.60
000090,30,49808,13.910939000197686,0.60
000093,27,46601,10.551568993832916,0.60
000094,5,50537,8.396058998187073,0.60
000098,16,47259,9.643384008086286,0.60
000102,37,50545,9.120451009948738,0.60
000104,14,48919,11.129651000373997,0.60
000106,33,47827,18.430356998578645,0.60
000107,18,40887,10.922945002675988,0.60
000108,11,42196,9.322371988673694,0.60
000116,17,44375,10.94620898948051,0.60
000117,42,46483,9.774434001883492,0.60
000118,23,49153,9.276671989937313,0.60
000122,14,44719,10.507529994356446,0.60
000124,20,50028,11.238748993491754,0.60
000126,15,50203,10.78976399730891,0.60
000128,12,43550,10.852195002371445,0.60
000132,5,48698,8.643052002298646,0.60
000134,52,48857,10.049787000752985,0.60
000135,33,48127,12.772506001056172,0.60
000137,20,48211,16.396138991694897,0.60
000139,6,48704,11.015455005690455,0.60
000140,16,46038,8.99074699555058,0.60
000143,20,48649,10.246417004964314,0.60
000147,24,49975,9.909900996717624,0.60
000151,45,45944,11.084480996942148,0.60
000152,22,48806,11.069736996432766,0.60
000153,17,49788,9.648721999838017,0.60
000156,18,50354,9.230733005097136,0.60
000159,22,46640,10.796777001814917,0.60
000161,46,45707,9.856451986706816,0.60
000167,15,46980,18.068531004246324,0.60
000168,21,48729,10.249104001559317,0.60
000169,33,45876,9.62545198854059,0.60
000170,15,48021,10.357669001678005,0.60
000173,23,48628,17.08477400825359,0.60
000174,35,50758,9.411716004251502,0.60
000175,22,49559,9.362109005451202,0.60
000181,35,47511,9.15725200320594,0.60
000182,18,49574,9.93206599378027,0.60
000183,24,46699,15.947972002322786,0.60
000186,25,44706,9.331267006928101,0.60
000187,6,49812,10.424203996080905,0.60
000188,13,49968,12.420290004229173,0.60
000190,34,48399,9.024140003020875,0.60
000191,18,47522,9.207244991557673,0.60
000192,19,48587,9.40488999185618,0.60
000194,19,50128,11.557785997865722,0.60
000195,15,47380,14.208537992089987,0.60
000196,33,50778,9.911969013046473,0.60
000197,34,48530,13.100629003020003,0.60
000199,16,45905,9.83122200705111,0.60
000201,26,42747,10.70790400262922,0.60
000203,12,41454,9.971691993996501,0.60
000204,8,48770,13.889179012039676,0.60
000207,32,46454,14.36735299648717,0.60
000211,20,47753,11.355792012182064,0.60
000212,18,48756,9.023688005981967,0.60
000213,45,48078,11.607006992562674,0.60
000216,17,49370,12.948890012921765,0.60
000218,21,45185,8.809812003164552,0.60
000223,6,43882,13.010740993195213,0.60
000224,17,49306,10.964115004753694,0.60
000226,48,48361,11.667305006994866,0.60
000229,17,49701,12.756105992593803,0.60
000230,11,45740,15.943303995300084,0.60
000231,16,49121,13.054127994109876,0.60
000234,28,45881,11.500528999022208,0.60
000235,19,48559,11.230953998165205,0.60
000236,18,43268,11.910130007890984,0.60
000237,14,47608,11.131542996736243,0.60
000239,17,49902,12.93726300355047,0.60
000242,28,49523,11.852623996674083,0.60
000246,21,47430,8.88506199407857,0.60
000247,20,49426,10.675146986613981,0.60
000248,25,48560,9.979865993955173,0.60
000249,23,48071,9.090266001294367,0.60
000250,14,50659,10.999723002896644,0.60
000251,41,49722,9.341872006189078,0.60
000252,12,50505,9.031715002493002,0.60
000260,22,45188,11.494965001475066,0.60
000262,20,42278,8.877394007868133,0.60
000263,24,46173,9.178926993627101,0.60
000265,22,46262,10.389611998107284,0.60
000266,23,46473,9.014327995828353,0.60
000268,15,43312,10.405096007161774,0.60
000269,26,49741,9.474550010054372,0.60
000270,14,49019,10.780493990750983,0.60
000272,15,45866,18.065557000227273,0.60
000273,30,43967,10.917455001617782,0.60
000278,14,50744,9.973424006602727,0.60
000279,15,49339,16.109525997308083,0.60
000281,14,48260,11.450539997895248,0.60
000283,16,50101,9.23426500230562,0.60
000284,37,48183,13.91463000618387,0.60
000289,4,51128,12.715568009298295,0.60
000290,20,45999,10.228680999716744,0.60
000291,18,50116,9.848571993643418,0.60
000293,17,50468,9.009638000861742,0.60
000297,15,49537,11.570086993742734,0.60
000301,15,45129,8.775533991865814,0.60
000302,29,44927,10.485766004421748,0.60
000305,38,43953,9.287027001846582,0.60
000307,11,48255,10.333497993997298,0.60
000308,28,49413,10.424464999232441,0.60
000309,10,48330,8.872970996890217,0.60
000311,20,48840,9.618727999622934,0.60
000312,15,48279,17.237357998965308,0.60
000314,13,50162,9.541606006678194,0.60
000315,23,48720,13.632228001370095,0.60
000319,23,47708,11.643218997051008,0.60
000320,15,49922,9.405920005519874,0.60
000321,17,49843,9.68944700434804,0.60
000323,30,47757,10.377760001574643,0.60
000324,24,49582,9.109456994337961,0.60
000327,14,50211,10.511611006222665,0.60
000328,27,45269,12.260321993380785,0.60
000329,28,48181,13.669309002580121,0.60
000332,48,49127,10.35731598676648,0.60
000333,40,46196,9.795011996175162,0.60
000335,19,48366,9.722892005811445,0.60
000336,67,49191,9.61093399382662,0.60
000340,20,50181,9.086406993446872,0.60
000341,30,49516,9.551976007060148,0.60
000343,11,49858,9.299757992266677,0.60
000345,15,48645,9.062372002517805,0.60
000346,26,48444,10.543830008828081,0.60
000347,18,45224,11.538806007592939,0.60
000350,24,46837,10.683515996788628,0.60
000351,13,48745,10.35953700193204,0.60
000352,16,47104,9.181689005345106,0.60
000354,21,46815,10.13839700317476,0.60
000355,19,48751,9.61148299393244,0.60
000356,20,50287,9.640300995670259,0.60
000357,20,46592,9.954825000022538,0.60
000359,7,49116,11.750999998184852,0.60
000360,14,46782,11.286344000836834,0.60
000361,27,45641,9.756286002811976,0.60
000362,21,47001,11.38930099841673,0.60
000365,17,46197,9.53083900094498,0.60
000366,33,49378,14.989030998549424,0.60
000369,18,47303,15.151227999012917,0.60
000370,34,48947,12.511799999629147,0.60
000372,18,48338,14.402913991943933,0.60
000373,28,46258,11.649449996184558,0.60
000376,23,48705,10.496485003386624,0.60
000377,20,47892,9.792569995624945,0.60
000378,23,49299,11.88745601393748,0.60
000379,17,47553,10.283427996910177,0.60
000381,22,45303,9.03754899627529,0.60
000382,32,46398,9.801763997529633,0.60
000383,50,48856,13.655903007020243,0.60
000385,12,46926,10.144858009880409,0.60
000386,19,47001,9.549994007102214,0.60
000388,13,47190,10.67958099883981,0.60
000391,18,47930,10.260829993057996,0.60
000392,32,47972,15.375842005596496,0.60
000393,24,46268,9.597111988114193,0.60
000394,20,48194,10.192077010287903,0.60
000395,34,46224,10.838753005373292,0.60
000396,14,50484,12.049231998389587,0.60
000397,39,47231,9.464390997891314,0.60
000001,9,36232,699.8189799924148,0.70
000002,12,38111,10.88966999668628,0.70
000004,18,34774,13.14388400351163,0.70
000005,8,37803,12.536287002149038,0.70
000006,30,32904,10.71240300370846,0.70
000008,22,36604,10.485001999768429,0.70
000015,42,36740,12.928570009535179,0.70
000019,25,34820,9.610876004444435,0.70
000020,18,37990,9.159765002550557,0.70
000021,22,37291,16.104952999739908,0.70
000023,13,36044,9.55595399136655,0.70
000024,12,37917,8.988434987259097,0.70
000025,25,34603,9.407092002220452,0.70
000027,6,36239,9.024847997352481,0.70
000028,21,34428,9.985390002839267,0.70
000031,17,36472,9.10959200700745,0.70
000033,14,32637,10.3922239941312,0.70
000035,29,36553,9.142865004832856,0.70
000037,7,34117,9.369055012939498,0.70
000039,11,33558,9.318480995716527,0.70
000040,13,37439,12.181693004094996,0.70
000042,7,37084,9.784157999092713,0.70
000047,15,36477,11.166336000314914,0.70
000048,40,36736,9.456542000407353,0.70
000050,19,32618,10.084089008159935,0.70
000052,33,36065,12.556268004118465,0.70
000053,18,36880,9.42255900008604,0.70
000058,17,34452,9.913421992678195,0.70
000059,25,36550,11.693608990754,0.70
000061,16,37388,11.994062006124295,0.70
000062,15,36507,9.65373800136149,0.70
000063,14,35856,10.09542700194288,0.70
000065,18,37052,12.287769000977278,0.70
000066,12,35645,9.566694003297016,0.70
000076,25,34252,10.66185100353323,0.70
000077,10,35694,9.646085993153974,0.70
000078,18,35333,11.34822600579355,0.70
000081,16,36223,10.146462998818606,0.70
000089,17,37318,8.873275000951253,0.70
000090,31,37189,11.166601994773373,0.70
000093,20,35159,9.268217007047497,0.70
000094,7,38119,9.358723007608205,0.70
000098,16,35286,19.888169001205824,0.70
000102,28,37683,21.18015800078865,0.70
000104,13,36716,9.519209008431062,0.70
000106,23,35741,9.262050996767357,0.70
000107,16,31018,10.962412998196669,0.70
000108,10,31580,9.103031014092267,0.70
000116,15,33310,17.755395994754508,0.70
000117,41,34755,9.511910000583157,0.70
000118,20,36717,8.772533998126164,0.70
000122,16,33330,9.51427199470345,0.70
000124,16,37389,19.15154600283131,0.70
000126,14,37966,13.591973998700269,0.70
000128,14,32532,9.559111000271514,0.70
000132,6,36255,11.199362998013385,0.70
000134,38,36651,10.994092997862026,0.70
000135,31,35865,9.027047999552451,0.70
000137,20,36276,10.974667995469645,0.70
000139,7,36521,12.71059901046101,0.70
000140,16,34653,9.107228004722856,0.70
000143,16,36099,11.732382990885526,0.70
000147,19,37407,15.047765002236702,0.70
000151,42,34680,9.020769997732714,0.70
000152,21,36855,17.45850598672405,0.70
000153,16,37089,11.672763008391485,0.70
000156,16,37576,9.607574000256136,0.70
000159,23,34830,17.825297996751033,0.70
000161,37,34133,9.741197995026596,0.70
000167,11,35528,9.06675100850407,0.70
000168,28,36451,11.258296013693325,0.70
000169,28,34538,9.439717992790975,0.70
000170,11,35811,10.027222000644542,0.70
000173,25,36643,9.299490993726067,0.70
000174,29,38160,8.984122003312223,0.70
000175,21,37080,9.484055000939406,0.70
000181,31,35636,15.113852990907617,0.70
000182,16,37130,9.721941009047441,0.70
000183,20,35127,8.631931996205822,0.70
000186,25,33507,11.782993999077007,0.70
000187,8,37682,10.399595004855655,0.70
000188,13,37317,8.896551007637754,0.70
000190,29,36010,9.273315998143516,0.70
000191,21,35714,12.331710997386836,0.70
000192,15,36418,10.54211100563407,0.70
000194,13,37453,9.333075999165885,0.70
000195,10,35407,9.823243002756499,0.70
000196,26,37748,9.415893000550568,0.70
000197,36,36320,10.753451002528891,0.70
000199,17,34389,9.112790008657612,0.70
000201,25,32093,13.117662994773127,0.70
000203,10,31360,12.167560009402223,0.70
000204,11,36918,12.11248300387524,0.70
000207,24,35006,10.652398996171542,0.70
000211,20,35683,10.463954007718712,0.70
000212,15,36468,11.465189003502019,0.70
000213,35,35905,15.824030007934198,0.70
000216,20,36765,10.993887990480289,0.70
000218,14,33947,11.721499991836026,0.70
000223,6,33081,9.515618003206328,0.70
000224,13,36860,10.94455600832589,0.70
000226,39,36247,9.886815008940175,0.70
000229,18,36990,11.567266003112309,0.70
000230,14,34223,20.27079999970738,0.70
000231,15,36471,15.767652002978139,0.70
000234,22,34245,10.270724989823066,0.70
000235,16,36747,11.183615002664737,0.70
000236,22,32307,9.603955011698417,0.70
000237,14,35522,13.107613995089196,0.70
000239,16,37636,10.866960990824737,0.70
000242,26,36833,12.016061999020167,0.70
000246,17,35516,10.332593010389246,0.70
000247,23,37189,11.595552001381293,0.70
000248,25,36245,10.573769002803601,0.70
000249,18,35895,12.874378997366875,0.70
000250,13,37889,10.118677993887104,0.70
000251,30,37372,17.338928999379277,0.70
000252,15,38014,10.782697005197406,0.70
000260,15,33850,12.131730007240549,0.70
000262,17,31595,9.276180004235357,0.70
000263,21,34145,10.484657002962194,0.70
000265,21,34858,10.704742991947569,0.70
000266,25,35172,10.24249401234556,0.70
000268,14,32394,9.488603012869135,0.70
000269,24,37804,9.426121003343724,0.70
000270,14,36753,16.98798598954454,0.70
000272,15,34310,10.147374996449798,0.70
000273,28,32794,11.513669000123627,0.70
000278,11,37951,9.196316997986287,0.70
000279,12,37228,8.810697996523231,0.70
000281,12,36034,9.77287998830434,0.70
000283,15,37439,8.484366000629961,0.70
000284,30,36125,8.917485989513807,0.70
000289,6,38206,8.801381001831032,0.70
000290,22,34350,8.205848003854044,0.70
000291,15,37717,9.18114700471051,0.70
000293,14,38145,7.9566829954274,0.70
000297,18,36639,9.105653007281944,0.70
000301,9,34125,9.411139995791018,0.70
000302,32,33607,9.710821002954617,0.70
000305,28,33097,9.022658996400423,0.70
000307,17,36051,8.416899989242665,0.70
000308,28,37217,9.93835600093007,0.70
000309,11,36081,8.24028201168403,0.70
000311,17,36725,8.597516993177123,0.70
000312,13,36150,8.342036002431996,0.70
000314,11,37738,9.507476992439479,0.70
000315,18,36785,8.608514996012673,0.70
000319,22,36009,8.58048400550615,0.70
000320,16,37325,9.395552013302222,0.70
000321,11,37256,9.006256004795432,0.70
000323,28,35607,14.505971004837193,0.70
000324,20,36943,12.881716000265442,0.70
000327,16,37778,8.687812005518936,0.70
000328,23,33803,8.713635004824027,0.70
000329,29,36059,8.371364005142823,0.70
000332,45,36731,8.95232000038959,0.70
000333,40,34403,9.416267013875768,0.70
000335,19,36130,8.156556999892928,0.70
000336,60,36893,8.360773994354531,0.70
000340,16,37689,16.758675992605276,0.70
000341,27,37202,7.904516998678446,0.70
000343,11,37436,8.922672001062892,0.70
000345,10,36099,8.131202004733495,0.70
000346,30,35814,13.11397300742101,0.70
000347,9,33486,8.642781001981348,0.70
000350,26,35332,8.489027997711673,0.70
000351,14,36623,9.560520993545651,0.70
000352,17,35521,13.566605994128622,0.70
000354,21,35413,9.385112003656104,0.70
000355,17,36144,10.616429994115606,0.70
000356,19,37703,8.865062991390005,0.70
000357,19,34798,10.558515001321211,0.70
000359,9,36731,12.50865199835971,0.70
000360,16,35051,10.00391400884837,0.70
000361,23,34285,9.752241996466182,0.70
000362,17,35259,8.69407800200861,0.70
000365,19,34463,8.991348004201427,0.70
000366,32,37132,15.43827701243572,0.70
000369,17,35447,9.592046000761911,0.70
000370,25,36795,20.083905998035334,0.70
000372,15,36446,11.771317993407138,0.70
000373,32,34692,8.79171400447376,0.70
000376,17,36547,9.127206998527981,0.70
000377,18,36025,8.995903001050465,0.70
000378,15,37114,11.049057997297496,0.70
000379,15,35798,11.168038996402174,0.70
000381,17,33690,11.396164991310798,0.70
000382,29,34547,10.10115401004441,0.70
000383,43,36563,9.460686997044832,0.70
000385,11,35135,8.50483399699442,0.70
000386,21,35298,8.953259006375447,0.70
000388,15,35379,11.549750997801311,0.70
000391,14,35790,8.258980000391603,0.70
000392,35,35888,13.73380099539645,0.70
000393,32,34443,8.269801997812465,0.70
000394,19,36194,9.026219995575957,0.70
000395,33,34676,8.525803001248278,0.70
000396,8,37663,9.532972995657474,0.70
000397,28,35288,13.64381999883335,0.70
000001,11,24053,635.4618039913476,0.80
000002,10,25323,9.295976007706486,0.80
000004,15,23245,15.791812998941168,0.80
000005,8,24949,10.18321698938962,0.80
000006,18,22004,8.870999998180196,0.80
000008,15,24830,8.575247004046105,0.80
000015,39,24318,11.192739009857178,0.80
000019,22,23211,8.572545004426502,0.80
000020,15,25379,8.066163005423732,0.80
000021,19,24980,8.430114990915172,0.80
000023,8,24036,7.9069240018725395,0.80
000024,7,25357,9.894097995129414,0.80
000025,19,23111,13.340124001842923,0.80
000027,2,24302,8.816672998364083,0.80
000028,15,22883,8.800505005638115,0.80
000031,14,24247,8.658712002215907,0.80
000033,12,21928,8.609327996964566,0.80
000035,20,24395,8.596371990279295,0.80
000037,5,22636,9.921357006533071,0.80
000039,10,22110,9.547837995341979,0.80
000040,10,24964,8.875202009221539,0.80
000042,7,24331,9.344001009594649,0.80
000047,16,24118,9.330070010037161,0.80
000048,36,24556,8.728553002583794,0.80
000050,18,21637,8.367725007701665,0.80
000052,28,23791,8.678778991452418,0.80
000053,8,24711,10.46382800268475,0.80
000058,17,23154,13.633234993903898,0.80
000059,19,23843,9.350209002150223,0.80
000061,13,25142,8.437336000497453,0.80
000062,10,24197,10.109769005794078,0.80
000063,14,23946,10.470965004060417,0.80
000065,13,24696,8.06613199529238,0.80
000066,11,23799,8.639449006295763,0.80
000076,24,22795,9.71792099880986,0.80
000077,12,24080,10.250373001326807,0.80
000078,15,23495,8.53506600833498,0.80
000081,12,23900,10.414656004286371,0.80
000089,15,24465,8.588322001742199,0.80
000090,19,25093,8.48892801150214,0.80
000093,16,23510,8.974445998319425,0.80
000094,8,25390,8.35013500181958,0.80
000098,11,23571,8.480934004182927,0.80
000102,20,25184,14.224339000065811,0.80
000104,12,24595,8.08805700216908,0.80
000106,26,23924,8.931278003728949,0.80
000107,14,20399,14.377201994648203,0.80
000108,14,21402,10.897268002736382,0.80
000116,14,22213,8.78406799165532,0.80
000117,35,22935,8.151098998496309,0.80
000118,16,24213,11.161264003021643,0.80
000122,11,22311,10.019747001933865,0.80
000124,16,24772,8.725124003831297,0.80
000126,15,25362,14.32207199104596,0.80
000128,11,21837,9.12814898765646,0.80
000132,2,24641,8.124736006720923,0.80
000134,35,24680,13.255197991384193,0.80
000135,28,23885,15.472404003958218,0.80
000137,12,24353,8.233556000050157,0.80
000139,7,24363,8.780084986938164,0.80
000140,17,23332,8.58820699795615,0.80
000143,9,24291,9.48281200544443,0.80
000147,17,24700,9.233445001882501,0.80
000151,34,22839,8.01185799355153,0.80
000152,13,24433,9.567144996253774,0.80
000153,11,24782,9.753379999892786,0.80
000156,23,25346,8.459504999336787,0.80
000159,13,23336,9.115887005464174,0.80
000161,32,22868,8.483546000206843,0.80
000167,14,23694,10.62730599369388,0.80
000168,21,24549,8.754826994845644,0.80
000169,24,23156,8.223640994401649,0.80
000170,10,24169,8.758308002143167,0.80
000173,14,24363,13.872744995751418,0.80
000174,23,25357,8.193768007913604,0.80
000175,13,24877,8.874594990629703,0.80
000181,27,23898,8.224161007092334,0.80
000182,10,25086,8.453360002022237,0.80
000183,15,23299,14.60747500823345,0.80
000186,18,22427,8.304597999085672,0.80
000187,9,25057,14.63295599387493,0.80
000188,9,25031,8.225651006796397,0.80
000190,27,24340,8.892230005585589,0.80
000191,15,23794,9.109608989092521,0.80
000192,17,24233,10.632941994117573,0.80
000194,15,24937,10.03609100007452,0.80
000195,14,23618,8.920442996895872,0.80
000196,18,25345,8.25598300434649,0.80
000197,27,24151,9.759576001670212,0.80
000199,14,23204,9.331599008874036,0.80
000201,21,21434,8.54418300150428,0.80
000203,8,20720,8.829679994960316,0.80
000204,10,24526,15.448784004547633,0.80
000207,18,23236,14.136081998003647,0.80
000211,14,23519,8.397514000535011,0.80
000212,15,24359,9.493040997767821,0.80
000213,33,23940,13.115363995893858,0.80
000216,17,24303,8.892580997780897,0.80
000218,13,22311,10.37554298818577,0.80
000223,4,22044,10.056596001959406,0.80
000224,13,24349,9.23679799598176,0.80
000226,29,24018,9.087183003430255,0.80
000229,12,24687,8.798223992926069,0.80
000230,11,22743,8.261574999778531,0.80
000231,13,24362,9.675342997070402,0.80
000234,21,23011,9.235372999683022,0.80
000235,8,24294,11.619324999628589,0.80
000236,16,21623,8.953163996920921,0.80
000237,13,23617,10.914354992564768,0.80
000239,13,25133,18.382584996288642,0.80
000242,22,24870,10.392172989668325,0.80
000246,14,23844,9.176820996799506,0.80
000247,11,24925,9.540152997942641,0.80
000248,21,24070,8.232791995396838,0.80
000249,16,23827,8.721135003725067,0.80
000250,10,25216,13.520178006729111,0.80
000251,26,24840,9.074767993297428,0.80
000252,13,25108,13.106390004395507,0.80
000260,16,22607,8.835596003336832,0.80
000262,15,21300,17.24721200298518,0.80
000263,21,23071,12.83625399810262,0.80
000265,20,23118,9.164808987407014,0.80
000266,23,23439,8.457281001028605,0.80
000268,16,21768,9.385184006532654,0.80
000269,18,25071,8.526958990842104,0.80
000270,13,24453,8.363969987840392,0.80
000272,8,22987,8.265783995739184,0.80
000273,35,21858,10.85344199964311,0.80
000278,9,25388,8.930506010074168,0.80
000279,9,24798,8.03801100119017,0.80
000281,12,24047,9.05148099991493,0.80
000283,11,24907,9.38461699115578,0.80
000284,23,24066,8.900401997379959,0.80
000289,5,25359,11.003484993125312,0.80
000290,25,23094,8.368673996301368,0.80
000291,17,25353,8.130942995194346,0.80
000293,8,25061,9.79826899128966,0.80
000297,13,24866,14.63175201206468,0.80
000301,11,22642,8.002638001926243,0.80
000302,22,22417,14.887065000948496,0.80
000305,28,21905,8.4889790014131,0.80
000307,8,24093,8.218489994760603,0.80
000308,19,24832,8.698100995388813,0.80
000309,8,24159,11.059101001592353,0.80
000311,13,24476,8.863778988597915,0.80
000312,15,24075,15.322535997256637,0.80
000314,9,24979,8.70439900609199,0.80
000315,13,24245,8.464465994620696,0.80
000319,14,24148,8.982508996268734,0.80
000320,14,25053,8.100511011434719,0.80
000321,10,24768,8.909444994060323,0.80
000323,30,23721,8.510642001056112,0.80
000324,19,24818,8.410971000557765,0.80
000327,15,25181,9.444727009395137,0.80
000328,20,22701,8.995285999844782,0.80
000329,19,23998,15.234565988066606,0.80
000332,43,24152,10.546884004725143,0.80
000333,33,22916,12.828385006287135,0.80
000335,15,24215,16.400552005507052,0.80
000336,52,24510,9.33647999772802,0.80
000340,14,25207,9.519579994957894,0.80
000341,24,24578,8.424770989222452,0.80
000343,10,24767,8.2795089983847,0.80
000345,13,24441,8.47234700631816,0.80
000346,22,23890,10.930816002655774,0.80
000347,12,22763,8.891435994883068,0.80
000350,17,23629,8.50537299993448,0.80
000351,15,24352,8.852889004629105,0.80
000352,20,23785,11.423470001318492,0.80
000354,16,23874,8.295567997265607,0.80
000355,16,24284,8.94843200512696,0.80
000356,20,25147,9.17556500644423,0.80
000357,18,23099,9.33929999882821,0.80
000359,6,24541,9.005530999274924,0.80
000360,15,23440,9.919463002006523,0.80
000361,22,22824,12.67267701041419,0.80
000362,15,23399,10.71769899863284,0.80
000365,23,23055,15.359224998974241,0.80
000366,23,24854,9.576585987815633,0.80
000369,17,23636,13.648652995470911,0.80
000370,23,24751,10.97585899697151,0.80
000372,8,24032,11.27015199745074,0.80
000373,21,22982,10.610503988573328,0.80
000376,19,24201,10.974324002745561,0.80
000377,18,23955,9.272902010707185,0.80
000378,20,24587,12.940939996042289,0.80
000379,14,23483,12.027692006086,0.80
000381,10,22418,8.714241004781798,0.80
000382,21,23173,9.020568992127664,0.80
000383,36,24221,9.101192990783602,0.80
000385,14,23420,9.107438003411517,0.80
000386,14,23630,18.481091989087872,0.80
000388,13,23488,18.195427997852676,0.80
000391,15,24027,9.901797006023116,0.80
000392,31,23837,15.401830998598598,0.80
000393,28,23144,9.088189995964058,0.80
000394,18,24007,15.483127004699782,0.80
000395,30,23130,8.997730998089537,0.80
000396,8,25400,9.276222990592942,0.80
000397,30,23691,9.29920699854847,0.80
