perturbation_type,perturbation_value,class_name,tp,fp,fn,precision,recall
deployment_precision,openpcdet_original,Car,579,2000,158,0.22450562233423807,0.7856173677069199
deployment_precision,openpcdet_original,Pedestrian,67,2593,35,0.02518796992481203,0.6568627450980392
deployment_precision,openpcdet_original,Cyclist,35,736,19,0.04539559014267185,0.6481481481481481
deployment_precision,trt_backbone_head_only,Car,579,2000,158,0.22450562233423807,0.7856173677069199
deployment_precision,trt_backbone_head_only,Pedestrian,67,2593,35,0.02518796992481203,0.6568627450980392
deployment_precision,trt_backbone_head_only,Cyclist,35,735,19,0.045454545454545456,0.6481481481481481
deployment_precision,wrapper_pytorch,Car,579,2001,158,0.22441860465116278,0.7856173677069199
deployment_precision,wrapper_pytorch,Pedestrian,67,2593,35,0.02518796992481203,0.6568627450980392
deployment_precision,wrapper_pytorch,Cyclist,35,736,19,0.04539559014267185,0.6481481481481481
point_dropout,0.00,Car,579,2001,158,0.22441860465116278,0.7856173677069199
point_dropout,0.00,Pedestrian,67,2593,35,0.02518796992481203,0.6568627450980392
point_dropout,0.00,Cyclist,35,736,19,0.04539559014267185,0.6481481481481481
point_dropout,0.05,Car,567,1978,170,0.22278978388998036,0.7693351424694709
point_dropout,0.05,Pedestrian,69,2520,33,0.026651216685979143,0.6764705882352942
point_dropout,0.05,Cyclist,32,695,22,0.04401650618982118,0.5925925925925926
point_dropout,0.10,Car,565,1973,172,0.22261623325453112,0.7666214382632293
point_dropout,0.10,Pedestrian,69,2455,33,0.02733755942947702,0.6764705882352942
point_dropout,0.10,Cyclist,31,683,23,0.04341736694677871,0.5740740740740741
point_dropout,0.15,Car,565,1952,172,0.2244735796583234,0.7666214382632293
point_dropout,0.15,Pedestrian,70,2450,32,0.027777777777777776,0.6862745098039216
point_dropout,0.15,Cyclist,33,655,21,0.04796511627906977,0.6111111111111112
point_dropout,0.20,Car,560,1948,177,0.22328548644338117,0.7598371777476255
point_dropout,0.20,Pedestrian,73,2345,29,0.030190239867659223,0.7156862745098039
point_dropout,0.20,Cyclist,29,606,25,0.04566929133858268,0.5370370370370371
point_dropout,0.30,Car,557,1876,180,0.22893547061241265,0.7557666214382632
point_dropout,0.30,Pedestrian,72,2237,30,0.031182330012992636,0.7058823529411765
point_dropout,0.30,Cyclist,24,589,30,0.03915171288743882,0.4444444444444444
point_dropout,0.40,Car,531,1833,206,0.22461928934010153,0.7204884667571235
point_dropout,0.40,Pedestrian,64,2079,38,0.029864675688287448,0.6274509803921569
point_dropout,0.40,Cyclist,21,523,33,0.03860294117647059,0.3888888888888889
point_dropout,0.50,Car,503,1783,234,0.22003499562554682,0.6824966078697422
point_dropout,0.50,Pedestrian,66,1905,36,0.0334855403348554,0.6470588235294118
point_dropout,0.50,Cyclist,20,459,34,0.04175365344467641,0.37037037037037035
point_dropout,0.60,Car,483,1679,254,0.22340425531914893,0.655359565807327
point_dropout,0.60,Pedestrian,56,1715,46,0.03162055335968379,0.5490196078431373
point_dropout,0.60,Cyclist,16,399,38,0.03855421686746988,0.2962962962962963
point_dropout,0.70,Car,455,1566,282,0.22513607125185553,0.6173677069199457
point_dropout,0.70,Pedestrian,52,1520,50,0.03307888040712468,0.5098039215686274
point_dropout,0.70,Cyclist,13,353,41,0.03551912568306011,0.24074074074074073
point_dropout,0.80,Car,428,1336,309,0.24263038548752835,0.5807327001356852
point_dropout,0.80,Pedestrian,46,1206,56,0.036741214057507986,0.45098039215686275
point_dropout,0.80,Cyclist,10,332,44,0.029239766081871343,0.18518518518518517
postprocess_score_threshold,0.00,Car,579,2000,158,0.22450562233423807,0.7856173677069199
postprocess_score_threshold,0.00,Pedestrian,67,2593,35,0.02518796992481203,0.6568627450980392
postprocess_score_threshold,0.00,Cyclist,35,736,19,0.04539559014267185,0.6481481481481481
postprocess_score_threshold,0.02,Car,579,2000,158,0.22450562233423807,0.7856173677069199
postprocess_score_threshold,0.02,Pedestrian,67,2593,35,0.02518796992481203,0.6568627450980392
postprocess_score_threshold,0.02,Cyclist,35,736,19,0.04539559014267185,0.6481481481481481
postprocess_score_threshold,0.04,Car,579,2000,158,0.22450562233423807,0.7856173677069199
postprocess_score_threshold,0.04,Pedestrian,67,2593,35,0.02518796992481203,0.6568627450980392
postprocess_score_threshold,0.04,Cyclist,35,736,19,0.04539559014267185,0.6481481481481481
postprocess_score_threshold,0.06,Car,579,2000,158,0.22450562233423807,0.7856173677069199
postprocess_score_threshold,0.06,Pedestrian,67,2593,35,0.02518796992481203,0.6568627450980392
postprocess_score_threshold,0.06,Cyclist,35,736,19,0.04539559014267185,0.6481481481481481
postprocess_score_threshold,0.08,Car,579,2000,158,0.22450562233423807,0.7856173677069199
postprocess_score_threshold,0.08,Pedestrian,67,2593,35,0.02518796992481203,0.6568627450980392
postprocess_score_threshold,0.08,Cyclist,35,736,19,0.04539559014267185,0.6481481481481481
postprocess_score_threshold,0.10,Car,579,2000,158,0.22450562233423807,0.7856173677069199
postprocess_score_threshold,0.10,Pedestrian,67,2593,35,0.02518796992481203,0.6568627450980392
postprocess_score_threshold,0.10,Cyclist,35,736,19,0.04539559014267185,0.6481481481481481
postprocess_score_threshold,0.12,Car,579,1630,158,0.2621095518334088,0.7856173677069199
postprocess_score_threshold,0.12,Pedestrian,67,1957,35,0.033102766798418976,0.6568627450980392
postprocess_score_threshold,0.12,Cyclist,35,581,19,0.056818181818181816,0.6481481481481481
postprocess_score_threshold,0.15,Car,576,1277,161,0.31084727468969237,0.7815468113975577
postprocess_score_threshold,0.15,Pedestrian,67,1376,35,0.04643104643104643,0.6568627450980392
postprocess_score_threshold,0.15,Cyclist,35,431,19,0.07510729613733906,0.6481481481481481
postprocess_score_threshold,0.20,Car,575,927,162,0.3828229027962716,0.7801899592944369
postprocess_score_threshold,0.20,Pedestrian,66,774,36,0.07857142857142857,0.6470588235294118
postprocess_score_threshold,0.20,Cyclist,34,286,20,0.10625,0.6296296296296297
postprocess_score_threshold,0.30,Car,565,650,172,0.46502057613168724,0.7666214382632293
postprocess_score_threshold,0.30,Pedestrian,65,342,37,0.1597051597051597,0.6372549019607843
postprocess_score_threshold,0.30,Cyclist,33,136,21,0.1952662721893491,0.6111111111111112
postprocess_score_threshold,0.40,Car,554,486,183,0.5326923076923077,0.751696065128901
postprocess_score_threshold,0.40,Pedestrian,62,161,40,0.27802690582959644,0.6078431372549019
postprocess_score_threshold,0.40,Cyclist,26,63,28,0.29213483146067415,0.48148148148148145
postprocess_score_threshold,0.60,Car,522,291,215,0.6420664206642066,0.7082767978290366
postprocess_score_threshold,0.60,Pedestrian,42,31,60,0.5753424657534246,0.4117647058823529
postprocess_score_threshold,0.60,Cyclist,21,15,33,0.5833333333333334,0.3888888888888889
postprocess_score_threshold,default,Car,579,2000,158,0.22450562233423807,0.7856173677069199
postprocess_score_threshold,default,Pedestrian,67,2593,35,0.02518796992481203,0.6568627450980392
postprocess_score_threshold,default,Cyclist,35,736,19,0.04539559014267185,0.6481481481481481
range_crop,20,Car,244,560,493,0.3034825870646766,0.3310719131614654
range_crop,20,Pedestrian,52,1442,50,0.03480589022757698,0.5098039215686274
range_crop,20,Cyclist,11,271,43,0.03900709219858156,0.2037037037037037
range_crop,25,Car,315,712,422,0.30671859785783834,0.42740841248303935
range_crop,25,Pedestrian,60,1731,42,0.03350083752093802,0.5882352941176471
range_crop,25,Cyclist,18,365,36,0.04699738903394256,0.3333333333333333
range_crop,30,Car,383,888,354,0.3013375295043273,0.519674355495251
range_crop,30,Pedestrian,63,2013,39,0.030346820809248554,0.6176470588235294
range_crop,30,Cyclist,22,476,32,0.04417670682730924,0.4074074074074074
range_crop,35,Car,449,1082,288,0.29327237099934683,0.6092265943012212
range_crop,35,Pedestrian,65,2240,37,0.028199566160520606,0.6372549019607843
range_crop,35,Cyclist,25,568,29,0.04215851602023609,0.46296296296296297
range_crop,40,Car,492,1338,245,0.26885245901639343,0.6675712347354138
range_crop,40,Pedestrian,66,2382,36,0.02696078431372549,0.6470588235294118
range_crop,40,Cyclist,25,669,29,0.03602305475504323,0.46296296296296297
range_crop,45,Car,527,1551,210,0.253609239653513,0.7150610583446404
range_crop,45,Pedestrian,66,2491,36,0.025811497849041846,0.6470588235294118
range_crop,45,Cyclist,29,715,25,0.038978494623655914,0.5370370370370371
range_crop,50,Car,550,1720,187,0.2422907488986784,0.746268656716418
range_crop,50,Pedestrian,66,2541,36,0.02531645569620253,0.6470588235294118
range_crop,50,Cyclist,31,735,23,0.04046997389033943,0.5740740740740741
range_crop,55,Car,564,1836,173,0.235,0.7652645861601085
range_crop,55,Pedestrian,67,2560,35,0.025504377617053674,0.6568627450980392
range_crop,55,Cyclist,35,739,19,0.04521963824289406,0.6481481481481481
range_crop,60,Car,573,1898,164,0.23188992310805343,0.7774762550881954
range_crop,60,Pedestrian,67,2581,35,0.02530211480362538,0.6568627450980392
range_crop,60,Cyclist,35,739,19,0.04521963824289406,0.6481481481481481
range_crop,70,Car,579,1998,158,0.22467986030267753,0.7856173677069199
range_crop,70,Pedestrian,67,2592,35,0.025197442647611885,0.6568627450980392
range_crop,70,Cyclist,35,736,19,0.04539559014267185,0.6481481481481481
range_crop,full,Car,579,2001,158,0.22441860465116278,0.7856173677069199
range_crop,full,Pedestrian,67,2593,35,0.02518796992481203,0.6568627450980392
range_crop,full,Cyclist,35,736,19,0.04539559014267185,0.6481481481481481
